1,59,237.2
12,57,229.6
19,136,80.074
23,66,266.4
56,68,274.8
62,112,448.8
67,80,321.6
69,49,199.2
70,49,198.8
72,43,174
73,42,170.4
74,123,440.734
78,45,181.6
79,48,193.2
98,56,226
99,48,193.2
100,48,193.6
101,47,189.2
102,66,266.8
103,55,221.6
104,62,251.2
105,44,178.4
106,45,183.6
107,148,473.247
109,54,216
111,55,223.6
112,46,187.2
113,53,214.8
115,48,193.2
116,46,184.8
118,44,178
119,44,179.2
120,44,178.8
121,62,77.365
122,59,236
125,97,390.4
126,91,366.4
129,46,184
131,48,193.2
132,48,193.2
134,57,231.2
135,108,433.6
138,79,230.037
139,48,181.954
140,41,161.888
141,40,162.8
143,50,201.2
145,79,317.2
148,45,180.4
150,41,166.8
151,48,194.4
216,38,152.8
219,34,136
225,75,302
228,72,289.6
229,73,292
230,67,268.4
231,93,375.6
232,72,291.6
233,71,286.8
235,77,311.2
237,72,288.4
238,66,264
239,87,349.6
240,66,264
241,66,264
242,85,343.6
243,43,172.4
244,90,363.2
245,77,309.2
246,85,340.4
247,62,251.2
248,49,198.8
249,73,294
255,84,339.6
266,30,79.208
267,30,120
268,36,145.6
269,18,72.4
270,21,85.2
271,23,95.2
272,23,93.6
273,14,58.8
274,19,76
275,19,77.6
276,25,100
277,33,133.6
278,18,74.4
279,19,76
280,26,106
290,41,167.6
303,35,140.4
304,72,291.6
305,72,291.6
307,12,50.4
308,10,41.2
309,25,103.2
310,26,104.4
311,26,106
317,37,150.168
324,16,60.322
325,29,118.4
326,30,121.6
328,32,128
329,33,133.2
330,32,129.6
331,37,148.8
332,37,150.8
333,38,154.8
334,37,148.8
335,37,151.6
336,24,96
337,18,74.4
338,19,76
339,19,78.4
340,52,208.8
342,27,109.2
344,34,138.8
345,34,137.2
348,34,137.6
349,37,150
350,73,294.8
351,31,125.6
356,18,74
371,18,74.8
372,29,70.174
373,29,94.537
389,23,92.8
390,20,80.4
391,17,68.4
392,21,86.4
393,17,70.4
394,22,88.8
395,16,64
403,20,80.597
404,22,90
405,22,90.8
406,20,82.4
412,24,97.6
416,33,135.2
417,13,53.452
418,26,107.2
419,24,97.6
427,36,146
428,28,112
429,28,112.8
430,28,114.4
485,53,212
489,36,144
490,13,53.27
492,40,162.4
500,14,58
501,25,103.2
503,25,103.2
520,4,19.206
521,28,115.6
522,28,112.4
548,6,24.55
549,28,114
550,41,165.6
551,25,81.7
552,30,116.431
561,15,63.244
562,17,51.979
563,43,58.051
582,5,15.544
617,5,19.784
621,28,115.2
622,28,112.4
636,16,66.8
639,16,66.8
641,1,5.2
696,21,84
697,24,98
700,0,0.8
714,1,5.584
715,3,12.8
723,9,26.3
724,16,66
727,67,268.8
728,24,19.795
729,64,190.435
730,0,0.155
731,29,117.6
732,16,65.6
733,9,33.95
734,9,23.843
735,1,3.222
736,1,2.229
737,0,1.369
738,4,16.987
739,4,15.796
740,7,13.953
741,21,87.6
743,26,66.323
744,0,1.6
745,1,3.068
746,2,0.827
747,0,0.523
753,63,252.8
754,110,435.741
756,113,454.8
757,99,396.8
758,75,300.8
759,79,318.8
760,100,401.2
761,79,317.6
762,138,68.873
763,79,318.8
764,80,319.922
765,128,15.46
766,59,236.8
767,58,232.8
768,63,253.2
769,58,235.2
770,63,253.6
771,76,306
772,73,295.6
773,78,312.8
774,65,260.8
775,87,349.6
776,66,264.4
777,66,264.8
778,66,266.4
779,96,384.8
780,84,339.2
781,77,311.6
782,91,364.8
783,77,309.2
784,89,359.6
785,80,323.2
786,83,335.6
788,60,241.2
789,55,220.4
790,55,220.8
791,54,218.8
792,54,218.8
793,57,230.8
794,54,218.8
795,57,230.4
796,57,230.8
797,58,232.4
798,58,233.2
799,58,232.4
800,58,233.2
801,54,216
802,54,216.8
803,57,228.4
804,53,215.2
805,53,215.2
806,54,218.8
807,57,228.4
813,79,317.2
814,76,305.2
815,81,326.8
816,81,327.6
817,72,291.2
818,74,296.4
819,78,312
820,104,416.8
821,105,420.8
822,107,430
823,64,257.2
824,58,233.2
825,92,368.8
826,93,374.8
827,88,354.8
828,89,358.8
829,89,358
830,64,258.8
831,64,256.8
832,88,352.8
833,89,356.4
834,89,356.8
835,71,286
836,71,287.2
837,82,331.2
838,91,365.6
839,76,306.4
840,85,340.8
841,88,354.8
842,88,352.8
843,91,365.2
844,88,354.8
845,80,323.6
846,90,360
847,94,377.2
848,106,425.6
849,83,332
850,101,404
851,81,324
852,84,338
853,82,330.8
854,74,297.2
855,68,274
856,81,326.8
857,73,294.8
858,57,230.4
859,58,232
865,98,393.2
870,101,404.4
871,75,302.8
872,20,81.6
874,64,259.2
875,61,245.6
876,53,215.6
878,62,249.6
879,76,306
880,67,268.8
881,84,338.8
882,59,236
883,96,384
884,59,237.2
885,81,325.502
886,81,325.6
887,54,216.4
888,60,242.4
889,91,365.6
890,61,246
891,58,232.4
892,80,320
893,83,334.4
894,83,332.4
895,60,240.8
896,60,241.2
897,73,292
898,81,324.8
899,85,340
900,66,266
901,84,338.8
902,76,306
903,77,309.6
904,97,390.4
905,76,306
906,80,321.2
907,78,314.4
908,81,325.2
909,71,284
910,74,298.4
911,76,306
912,65,262.4
913,76,305.2
914,59,236
915,62,248
916,82,329.2
917,78,312
918,71,287.6
919,73,295.2
920,56,227.6
921,67,271.2
922,67,271.2
923,59,239.6
924,59,239.6
925,56,225.6
926,70,282.8
927,90,362
928,54,218.8
934,71,286.4
935,72,290.4
936,59,238.4
937,57,231.6
938,58,233.2
944,78,312.8
945,62,248.4
946,54,216
947,84,338.8
951,61,245.6
952,87,348.4
953,89,356.4
954,67,269.2
955,66,264.8
956,66,264.8
957,67,269.2
964,52,210.4
970,51,205.6
971,51,204
972,46,184.4
973,46,185.6
974,71,284.8
976,50,200
977,41,164
978,47,190.8
979,45,180.4
980,45,181.2
981,45,183.2
985,48,192
986,48,192.4
988,48,195.6
989,51,205.6
990,50,200
991,47,191.6
992,49,196
1002,57,230.4
1004,50,202.8
1005,49,197.6
1006,47,188
1007,52,210.8
1008,60,241.6
1009,73,103.847
1023,74,287.069
1024,65,250.946
1025,42,169.6
1026,47,188.8
1027,45,181.6
1029,46,184.4
1030,17,71.2
1031,50,201.2
1032,39,144.329
1036,50,202
1037,58,234
1038,58,232.8
1039,40,163.6
1040,40,161.6
1041,51,72.999
1042,88,352
1043,14,59.6
1044,52,208
1045,14,59.6
1046,58,232.8
1047,112,182.956
1055,44,176.8
1060,47,188
1061,47,190.4
1062,52,208
1063,45,180
1064,48,193.2
1065,56,224
1069,47,189.6
1070,49,199.2
1071,48,195.2
1072,49,197.6
1073,59,238.4
1074,45,180.8
1076,49,199.6
1077,49,196.8
1078,49,196.8
1079,58,233.2
1081,17,71.2
1082,55,220.8
1086,60,241.2
1087,8,35.2
1095,9,36
1096,8,35.6
1098,7,30
1099,7,30.8
1100,7,31.2
1101,7,30
1102,9,36
1103,8,34
1104,5,21.779
1110,25,99.911
1111,14,56.4
1112,8,35.6
1113,7,30.8
1127,11,37.889
1129,15,61.6
1130,17,69.2
1131,30,64.354
1132,17,60.647
1133,3,15.2
1134,8,32.4
1148,5,21.2
1155,8,33.2
1156,7,30
1157,17,68
1158,17,69.6
1159,18,72
1160,19,77.2
1161,19,77.6
1164,7,31.2
1165,7,31.6
1166,14,56.8
1177,6,26.8
1178,8,32.4
1179,7,30.4
1181,11,44
1183,8,35.2
1184,8,35.6
1185,6,26
1186,8,32.8
1187,13,45.423
1188,7,29.6
1190,3,11.547
1191,5,20.4
1192,11,45.2
1193,8,32.4
1194,6,27.2
1195,38,153.6
1196,8,32.4
1230,37,149.6
1231,35,143.6
1257,0,3.2
1258,0,2.8
1268,0,3.6
1278,0,2.334
1279,0,2.4
1280,0,1.312
1281,0,0.709
1300,0,3.6
1301,8,35.2
1302,0,2
1303,0,1.6
1304,0,3.6
1305,0,3.6
1311,0,3.6
1320,0,3.6
1321,0,3.6
1322,0,2
1325,0,1.6
1326,1,4
1328,0,2.4
1329,1,4.4
1331,0,1.6
1332,0,2
1333,0,1.614
1334,0,1.488
1335,18,74.4
1338,0,1.2
1339,0,1.6
1340,7,28.8
1357,36,144.4
1358,59,239.6
1361,43,173.2
1362,33,134.4
1363,23,92.4
1394,46,109.913
1436,65,263.6
1437,61,247.6
1438,117,470
1439,80,320.4
1440,73,293.6
1442,59,236.4
1443,52,209.2
1444,52,209.6
1445,56,226.654
1446,49,196
1447,62,250.8
1448,62,251.2
1449,57,228.4
1450,57,228.8
1451,57,229.2
1452,57,228.8
1453,54,219.2
1454,62,250.8
1455,54,217.6
1456,48,194.8
1462,123,493.2
1463,100,402.4
1464,105,423.2
1465,113,455.6
1466,72,291.6
1467,48,195.2
1468,49,195.33
1469,49,193.54
1470,48,194.8
1471,48,194.247
1472,48,194.612
1477,145,583.2
1478,145,582.8
1479,136,547.2
1480,147,588
1481,81,324
1482,83,333.6
1483,125,502.8
1484,126,506
1485,127,508.8
1486,122,489.6
1487,127,508.4
1488,62,249.6
1489,67,270
1490,88,354.8
1491,79,318
1492,102,409.2
1493,63,254.4
1495,64,259.2
1496,52,208.8
1498,57,231.6
1499,73,294.8
1501,59,238.4
1502,63,253.2
1503,55,222.8
1504,61,246.4
1505,54,219.6
1506,62,250
1507,58,232
1508,58,232
1509,94,379.2
1510,66,266.4
1511,56,225.2
1512,53,212
1513,59,236
1514,66,264.8
1515,77,308.4
1516,54,218.8
1517,62,248.4
1518,96,384.8
1519,99,396.4
1520,56,224.4
1521,100,400
1523,71,286
1533,52,210.4
1535,79,319.2
1548,46,184
1549,51,205.2
1550,49,199.6
1551,45,183.2
1552,61,244
1553,61,245.2
1555,60,242.4
1568,46,184.4
1570,44,178.4
1571,52,211.6
1579,48,193.6
1580,48,193.2
1581,47,188.4
1582,47,190.4
1583,49,196.4
1584,42,168.4
1585,43,175.2
1586,57,228.4
1587,49,197.2
1588,49,198
1589,68,274.8
1601,45,182.8
1602,45,182.8
1603,45,182.8
1604,46,184.8
1611,49,199.6
1612,44,179.6
1616,46,185.2
1617,46,187.6
1618,45,183.6
1619,46,184.4
1620,48,193.2
1621,48,193.2
1622,48,195.6
1623,53,213.2
1624,42,168
1625,46,184.4
1626,46,185.2
1627,51,204.4
1634,42,169.2
1635,39,158
1637,41,167.2
1638,42,168.4
1640,44,178.4
1641,55,221.2
1652,45,183.6
1653,43,174.4
1657,48,194
1658,46,186.4
1659,35,142.8
1661,59,237.6
1662,108,434
1663,108,433.2
1664,67,268.4
1665,70,282
1666,73,294
1669,46,184.8
1670,44,176
1671,46,186.4
1672,46,187.2
1692,39,158.8
1695,42,168
1696,46,186
1697,46,184.4
1698,46,186
1700,54,216.8
1702,50,203.6
1703,66,264
1704,38,154
1720,123,492
1721,74,298.8
1722,62,250
1733,54,216.4
1734,54,216
1735,49,199.6
1736,48,192
1737,53,213.6
1738,53,213.6
1739,48,193.2
1740,48,193.2
1741,52,209.6
1742,52,210
1743,54,218.8
1744,55,222.4
1745,54,218.8
1746,55,222
1747,56,224.4
1748,46,184.4
1749,46,184.8
1750,46,186.8
1751,46,184.8
1752,47,189.2
1753,46,184.8
1754,44,177.6
1755,41,159.584
1773,54,216.4
1774,46,184.8
1775,53,213.6
1778,80,320
1779,79,318.4
1780,74,299.6
1781,76,304
1782,66,266.4
1783,65,263.6
1784,62,248
1785,59,239.2
1786,123,493.2
1787,123,493.6
1788,66,266.8
1794,53,213.6
1795,55,220
1796,55,220.4
1797,53,213.6
1798,53,213.6
1799,53,214.4
1800,49,198
1801,49,198.8
1802,50,200.8
1803,46,184.4
1804,44,176
1805,62,249.6
1806,62,250
1807,61,247.2
1808,62,250
1809,62,249.6
1810,54,216
1811,53,212.4
1812,55,223.6
1813,57,228
1814,55,222.4
1818,45,180.8
1819,45,180.8
1820,55,220
1821,75,300
1822,57,228
1823,53,212.4
1824,53,215.6
1825,54,217.6
1826,60,240.4
1827,55,223.6
1828,63,254.8
1829,63,255.6
1830,64,257.2
1837,79,316.4
1853,53,212
1858,6,25.6
1909,21,85.2
1917,75,300.4
1918,105,423.2
1919,158,75.47
1920,166,81.764
1921,124,37.98
1922,97,388
1923,108,432
1927,44,179.2
1939,33,133.6
1940,33,133.6
1942,79,316.8
1945,53,213.6
1946,38,154.4
1947,102,411.2
1948,43,172.8
1950,30,121.2
1951,29,119.6
1953,89,356.8
1954,75,301.6
1964,39,158.8
1971,42,162.777
1972,72,288.4
1974,95,382.8
1976,75,300
1977,80,321.6
1980,78,313.2
1981,38,154.4
1983,71,286
1985,102,411.2
1987,89,358.4
1988,92,368.4
1990,85,342.8
1991,30,105.101
1992,100,374.939
1995,69,276.279
1996,72,258.093
1998,78,312.8
1999,37,133.688
2000,14,56.247
2001,33,108.427
2002,43,166.612
2003,72,284.739
2005,20,81.442
2006,21,74.86
2007,99,396.8
2008,11,39.748
2009,20,75.905
2014,45,180.8
2016,38,154.4
2018,38,154.4
2020,30,121.2
2021,110,443.6
2022,184,120.658
2023,182,101.883
2024,103,412
2026,75,301.6
2027,34,137.2
2029,39,156.4
2030,108,432.4
2036,21,84.4
2037,21,84.8
2038,21,86.4
2039,19,79.6
2040,20,80
2041,33,135.6
2043,47,188
2046,116,464
2048,12,50.936
2051,33,133.6
2054,90,363.6
2057,92,368
2059,23,93.409
2060,6,24.308
2061,44,178.756
2062,32,103.193
2063,32,126.351
2064,70,281.25
2065,29,118
2066,67,268.4
2067,21,84.8
2068,49,198.369
2069,68,274
2070,28,113.2
2071,78,313.2
2077,123,494.4
2078,55,221.6
2079,28,114.4
2080,25,102.4
2081,107,429.6
2100,126,506
2101,110,443.6
2102,47,188.4
2103,58,235.2
2104,57,230
2105,57,230.8
2106,67,268.8
2107,76,306.8
2119,52,209.6
2120,57,230.4
2121,57,230.4
2122,52,208.8
2123,52,209.6
2124,56,225.2
2125,56,226.4
2126,53,212.4
2127,53,212.8
2128,53,213.2
2129,42,170.8
2130,44,176
2131,48,193.2
2132,48,194.4
2133,48,195.6
2134,50,203.6
2135,51,206.8
2136,51,206.8
2148,51,206
2149,50,200.4
2150,50,201.2
2151,49,199.2
2152,52,208.8
2153,52,208.8
2154,52,210.8
2155,45,183.2
2156,46,184
2157,46,186
2158,51,204.4
2159,51,204.8
2160,51,204
2161,58,232.8
2162,52,210.8
2163,72,290.4
2164,72,291.2
2165,70,281.6
2166,70,282.8
2167,57,230.4
2168,57,231.6
2169,93,375.6
2170,59,236.4
2171,70,282.4
2178,51,207.6
2179,51,207.6
2180,58,235.6
2181,57,229.2
2182,57,228.4
2183,57,229.2
2184,58,233.2
2185,53,214.4
2186,53,214
2187,53,214
2188,50,202
2189,51,205.6
2190,52,208.4
2191,59,238.4
2192,61,244.4
2193,48,194
2194,51,205.2
2195,52,208.4
2196,49,196.8
2197,57,230.4
2198,49,199.6
2199,47,190.8
2200,44,178.8
2201,50,202
2204,46,184
2205,68,275.2
2206,52,208
2207,51,206.8
2208,51,206.8
2238,14,29.816
2270,4,15.396
2271,3,14.683
2307,49,198
2308,49,198
2309,46,187.2
2310,46,187.2
2311,49,198
2312,49,198
2313,51,204.4
2314,51,205.2
2315,49,198
2316,47,189.2
2317,47,189.6
2318,48,194
2319,45,181.6
2320,53,212.4
2321,55,220.8
2322,59,238.4
2345,58,234.8
2346,50,200.8
2347,47,190.8
2348,60,240.4
2349,70,283.2
2350,56,224
2352,49,198.8
2353,54,216.4
2354,65,261.2
2357,49,198.8
2359,52,208.4
2361,60,242.8
2363,60,243.6
2364,46,186.4
2365,46,186.4
2366,46,186.8
2367,46,186.4
2368,46,186.4
2369,46,186.8
2370,62,249.6
2371,54,219.6
2372,55,220
2376,55,223.6
2418,117,468.4
2419,79,317.2
2420,53,214.4
2423,99,396.4
2432,83,332.4
2438,40,162
2439,66,266.8
2440,40,162
2441,52,210
2444,72,288
2445,35,141.2
2446,70,283.2
2447,40,162.4
2449,35,140.8
2451,96,387.2
2452,112,450
2453,107,431.6
2454,62,249.6
2455,113,452.8
2457,44,177.2
2458,40,163.2
2459,39,158
2461,44,176.8
2463,37,149.2
2465,45,182.4
2469,112,451.2
2470,112,451.2
2472,116,466.8
2473,117,470.4
2474,117,468.8
2478,43,175.6
2480,119,477.2
2482,71,287.2
2483,44,176.8
2484,123,494
2485,130,523.2
2487,48,194.8
2489,112,449.2
2490,92,369.2
2491,46,186.8
2493,63,240.838
2494,108,432.8
2510,112,451.6
2511,109,437.2
2512,109,436.8
2513,116,464
2514,105,421.2
2515,64,259.6
2516,72,291.2
2531,53,207.832
2532,62,248.51
2533,42,166.652
2534,70,279.335
2535,61,240.239
2536,80,311.967
2537,33,113.352
2538,43,113.891
2539,53,204.626
2540,25,95.567
2541,24,88.947
2542,14,58.718
2543,69,278
2544,49,198.8
2545,49,199.2
2546,49,198
2547,49,198.8
2548,49,199.2
2549,53,213.6
2550,38,154.8
2551,38,155.2
2552,38,155.6
2553,40,160.8
2554,40,161.2
2555,38,155.6
2556,11,44.502
2557,1,7.001
2558,9,28.667
2559,40,163.2
2572,30,117.599
2573,1,6.494
2574,64,257.2
2575,28,114
2576,28,113.51
2577,28,112.228
2578,28,110.589
2579,34,136.211
2580,34,132.502
2581,32,125.615
2582,28,107.75
2583,27,99.671
2584,21,78.566
2585,19,65.612
2586,13,49.21
2587,18,50.562
2588,8,32.687
2589,8,31.458
2592,104,419.2
2598,86,344
2599,57,229.2
2601,45,180.4
2602,44,179.6
2606,74,297.6
2607,45,182
2608,47,190.4
2609,44,178
2610,88,353.2
2611,52,210.4
2612,52,211.6
2613,77,310.4
2614,86,344.8
2618,5,20.072
2619,3,11.491
2624,41,167.6
2626,52,208
2628,44,175.301
2630,48,192
2631,51,205.2
2632,51,207.2
2633,68,274.4
2634,88,354.4
2636,20,83.2
2637,40,162.8
2638,39,156.8
2642,17,70
2643,40,160.4
2646,59,236
2647,2,7.59
2648,45,183.6
2649,65,261.6
2650,67,270.4
2651,10,26.195
2652,13,53.371
2653,33,134.8
2654,4,16.521
2655,39,157.2
2656,38,155.6
2657,79,316
2658,108,435.2
2659,76,304.8
2660,76,306.8
2661,93,374.4
2662,93,374.4
2663,40,160.8
2664,39,157.2
2665,7,23.51
2667,10,37.518
2668,75,301.967
2669,13,38.531
2670,11,45.446
2671,70,282.8
2672,35,140.8
2673,6,15.379
2784,44,178
2799,44,176
2800,49,198
2801,37,149.2
2802,45,182.4
2803,47,188.8
2804,33,134.8
2805,47,190.4
2806,69,276.8
2807,58,234.8
2808,71,287.6
2809,72,291.6
2811,40,161.2
2812,38,152.8
2813,35,140.8
2814,36,146.4
2815,36,146.8
2816,36,147.2
2817,40,160.8
2818,40,160.8
2819,35,140.4
2832,38,153.6
2833,44,176
2834,44,178.4
2836,35,142
2837,63,254.4
2846,34,138
2847,34,138.4
2848,37,148.4
2859,69,278.8
2860,70,280.4
2866,42,171.6
2867,40,162
2870,81,324.4
2871,46,186.8
2872,47,188.4
2880,46,186
2885,50,202.4
2897,40,160.8
2898,37,149.6
2900,34,138.8
2901,78,312.8
2903,41,164.4
2912,37,150.4
2956,42,170.4
2981,35,141.2
2982,33,133.6
2983,35,142
3001,28,113.6
3003,36,145.2
3007,37,150
3012,37,151.2
3025,26,107.2
3030,43,172.4
3034,36,145.6
3037,32,131.6
3039,28,113.2
3041,30,120.4
3042,45,181.2
3043,32,130
3051,72,290
3053,68,274.8
3058,33,135.2
3068,33,134
3075,31,125.2
3076,26,107.2
3077,40,162.8
3080,37,148.8
3110,85,316.96
3129,45,177.114
3130,46,159.2
3137,62,244.801
3141,42,165.7
3142,65,233.613
3144,107,400.007
3145,110,441.663
3147,46,156.69
3149,62,245.201
3152,96,355.259
3153,32,126.401
3154,39,134.066
3155,105,393.6
3156,38,126.846
3157,40,135.202
3158,36,116.403
3159,38,126.407
3160,51,178.404
3161,52,180.401
3162,47,159.606
3163,40,135.606
3164,53,210.001
3165,16,35.2
3166,59,208.126
3171,56,197.245
3173,74,266.809
3174,67,242.403
3176,68,239.605
3179,39,153.204
3180,67,238.026
3182,43,170.404
3184,51,176.803
3186,40,133.202
3188,52,180.41
3190,51,177.601
3192,52,179.203
3196,37,120.807
3198,55,191.203
3200,46,155.61
3202,44,148.092
3203,45,153.226
3205,36,116.005
3206,37,120.402
3255,55,220.164
3262,58,233.215
3263,59,235.708
3293,48,194
3295,37,151.2
3296,38,155.6
3297,38,155.6
3309,38,155.6
3312,34,132.658
3313,57,231.6
3314,45,183.2
3325,58,235.2
3326,49,199.6
3327,41,166.8
3328,39,157.6
3329,2,8.8
3331,62,251.2
3337,59,238.4
3338,43,175.2
3339,39,159.2
3344,57,231.2
3346,69,277.2
3348,77,309.2
3349,26,93.618
3350,38,155.6
3351,65,250.06
3353,44,178
3354,44,175.733
3355,55,201.758
3356,61,240.345
3357,58,229.47
3359,45,181.2
3360,95,382.4
3361,102,410.4
3363,98,392.4
3376,92,369.6
3378,50,203.2
3386,93,372.8
3388,99,398
3407,73,294.4
3408,67,268.8
3410,60,240
3411,97,391.6
3413,103,414.8
3414,67,268
3415,96,381.426
3416,67,269.866
3436,63,254.4
3437,54,203.378
3445,56,224
3447,12,49.2
3448,48,193.2
3449,45,179.849
3450,39,158.223
3451,41,154.273
3458,47,189.2
3479,35,132.514
3483,38,118.643
3493,15,62.4
3494,50,201.2
3495,16,64
3510,15,60
3511,15,62.4
3512,15,60
3513,14,59.6
3514,15,60.4
3515,15,60.8
3533,55,218.202
3542,64,256
3544,63,255.2
3554,6,26.8
3567,96,386.8
3568,94,376.8
3570,97,390.4
3579,6,27.6
3581,158,9.169
3584,110,10.922
3585,82,3.077
3586,161,14.479
3648,50,181.013
3649,43,172
3727,24,84.879
3737,57,230.4
3738,32,130.4
3739,33,133.2
3746,48,194.8
3866,18,73.6
3867,44,178.8
3876,62,251.6
3921,94,376.8
3922,92,371.2
3936,38,154.82
3937,33,132.664
3945,69,276.8
3946,74,298.4
3949,21,83.085
3963,99,399.2
3964,92,371.6
3965,83,334.4
3966,97,390.4
3968,103,413.2
3969,93,374.4
3970,94,377.2
3971,95,381.2
3972,65,261.6
3973,103,412.8
3974,31,125.293
3975,57,229.851
3976,43,171.533
3980,63,254
3981,64,258.4
3983,93,375.6
3984,94,376
3986,103,414
3987,103,412.8
3988,103,412.8
3989,103,413.2
3990,103,412.8
3992,103,413.2
3993,54,218.814
3994,103,413.2
3996,69,276.4
3997,69,276.4
3999,54,218.8
4015,53,212.8
4017,55,221.6
4018,21,80.203
4035,72,290.4
4036,56,227.2
4037,59,238.4
4038,59,238.4
4039,33,129.191
4040,62,249.2
4041,40,160.8
4042,65,263.6
4043,81,326.4
4045,68,274.4
4046,56,224.8
4047,55,221.6
4054,54,218.8
4069,54,200.028
4071,41,164.8
4072,53,213.2
4073,40,160.4
4074,56,224.4
4076,55,222
4077,63,252.8
4082,63,254.4
4084,41,164.4
4085,47,188.4
4086,46,187.6
4087,55,221.2
4088,53,213.6
4089,62,248
4090,58,232
4091,58,233.2
4092,78,312.4
4093,45,183.2
4094,52,208.8
4095,48,192
4096,48,195.2
4097,56,226
4098,36,135.644
4099,46,185.281
4101,87,351.6
4103,54,217.2
4104,54,216.8
4105,45,182
4106,43,172.4
4107,43,173.6
4111,88,354
4112,48,195.6
4114,56,226.4
4115,55,221.6
4116,70,280
4118,55,220
4119,40,160.4
4120,55,221.2
4122,55,223.2
4123,70,282.8
4124,31,125.516
4125,39,158
4126,47,188
4127,46,186
4128,39,158.4
4129,54,216.4
4130,53,215.6
4131,38,154.4
4132,38,155.2
4134,57,228
4135,40,159.992
4136,24,89.938
4137,65,260.8
4138,68,274.8
4139,48,195.6
4140,49,196
4141,54,219.2
4142,20,74.473
4143,15,59.073
4144,46,187.6
4145,54,219.6
4210,6,26.372
4255,47,190.4
4259,8,32.8
4267,41,164
4270,31,124.8
4271,85,340
4272,85,342.8
4295,88,354.8
4296,144,1.275
4298,88,355.2
4300,88,355.2
4301,65,262
4303,144,1.143
4304,35,142.4
4305,32,130
4307,23,92.8
4310,60,243.2
4312,55,221.2
4313,22,91.6
4314,35,142.4
4320,56,225.6
4322,57,228.8
4324,58,232.4
4327,58,232.4
4328,54,218.4
4331,59,237.2
4332,76,305.6
4333,67,270.4
4355,65,260
4357,60,241.2
4358,77,308.4
4359,98,395.6
4360,71,287.6
4361,71,284.8
4363,52,209.2
4403,85,340.8
4406,62,248
4407,62,250.4
4415,58,233.6
4417,98,393.6
4418,79,319.2
4419,64,258.4
4420,59,236
4425,62,248.8
4443,98,395.6
4444,105,418.152
4445,84,331.756
4446,61,245.2
4456,60,240.8
4457,58,234
4458,73,292.8
4459,67,270.8
4460,67,270.8
4461,67,268.8
4462,66,266
4463,71,286
4464,74,296.8
4465,118,472
4466,59,239.2
4467,59,239.2
4468,54,219.2
4469,51,206.4
4470,56,224.8
4471,57,228.8
4472,57,231.6
4473,44,179.6
4474,51,206.8
4475,104,418
4476,64,258.8
4482,64,257.2
4483,107,430.4
4484,107,429.2
4485,107,431.6
4486,114,458.8
4487,122,488.4
4488,112,449.2
4489,107,428.8
4490,107,431.6
4491,110,442
4492,114,459.6
4493,118,474
4494,53,212
4511,65,262.4
4514,64,256.4
4515,75,302.8
4516,73,294.4
4517,57,230.4
4518,66,265.2
4519,66,264.8
4520,63,254
4521,53,213.2
4522,53,215.2
4524,64,258
4525,52,210.8
4527,58,232.8
4528,58,233.2
4529,59,236
4530,58,232.8
4531,58,232.8
4532,59,237.2
4533,58,233.2
4534,76,307.2
4535,51,207.6
4536,65,263.6
4538,78,312.8
4539,48,194.8
4540,52,208.8
4541,75,302.4
4542,61,246.8
4543,72,290.8
4545,53,214
4546,53,214
4547,53,212.8
4548,53,212.4
4549,57,231.6
4550,56,226.4
4551,81,266.525
4553,125,479.286
4554,90,339.5
4555,45,183.6
4556,48,193.2
4557,47,190
4558,52,208.4
4559,50,202
4560,60,241.2
4561,50,200
4562,54,217.6
4563,62,249.6
4564,61,247.2
4565,61,247.2
4566,68,273.6
4567,55,222.4
4569,59,236
4571,63,252.8
4572,63,254.4
4573,71,284
4574,92,371.2
4575,62,248.4
4578,48,192.8
4579,82,331.2
4581,67,269.6
4584,99,397.6
4585,51,207.6
4586,80,323.6
4588,51,207.6
4589,57,229.6
4590,55,223.2
4592,62,250.4
4593,62,250
4596,59,238.4
4598,91,365.6
4599,92,368.8
4600,91,365.6
4602,70,282.4
4604,58,234.8
4607,85,341.6
4608,98,394.8
4609,57,231.2
4610,58,234.8
4611,54,216.8
4612,58,234.8
4613,102,408.4
4616,80,323.6
4619,71,286.8
4620,72,291.6
4621,66,264
4622,60,241.2
4638,49,199.2
4660,53,214
4661,62,248
4662,61,246.4
4663,61,246.8
4664,105,421.6
4665,78,313.2
4666,79,318
4670,87,349.2
4671,64,256
4672,64,258.4
4673,55,221.2
4674,88,353.6
4675,72,288
4676,67,268.8
4677,94,378.4
4678,67,268
4679,66,264.4
4680,65,261.2
4681,67,271.6
4682,89,356
4683,71,286.4
4684,96,385.6
4689,47,190.8
4690,48,182.659
4691,17,68.8
4702,20,82.4
4703,9,35.039
4704,10,42.611
4705,17,70.8
4706,17,70.8
4707,22,88
4708,26,104.264
4709,27,110.013
4710,19,76.8
4711,21,86.8
4712,19,76.8
4713,22,90
4714,15,62.4
4715,16,64
4716,22,88.4
4717,21,85.2
4718,17,68.8
4732,8,35.2
4733,13,49.311
4735,27,110
4736,5,22.011
4737,8,33.246
4738,26,103.096
4739,33,134.4
4740,22,88
4741,25,96.086
4742,8,32.955
4745,18,73.6
4746,19,76.8
4752,20,80.4
4753,69,276.4
4754,24,97.6
4755,22,88.8
4756,19,77.2
4757,29,119.6
4758,26,104.8
4759,20,80
4761,22,88.8
4762,13,54.4
4763,22,91.2
4764,23,93.6
4765,16,67.6
4766,20,82
4767,20,82
4768,24,98
4769,22,88.4
4770,23,93.6
4771,47,188.834
4772,27,107.668
4773,5,20.277
4774,21,87.6
4775,25,99.64
4776,24,99.359
4777,25,100.442
4778,23,88.053
4779,24,73.151
4780,16,50.987
4781,10,37.285
4782,29,119.2
4783,18,74.462
4789,15,62
4790,22,84.77
4791,22,68.292
4792,16,48.806
4793,8,32.4
4794,8,31.933
4795,8,34.053
4796,25,100.837
4798,22,88
4799,24,98
4800,16,67.6
4804,31,126.4
4806,17,71.2
4809,31,126.4
4837,40,162.483
4838,47,190.8
4839,49,198.8
4840,50,203.2
4841,48,192
4842,50,191.319
4843,48,194.4
4844,48,181.384
4845,50,203.6
4846,44,178
4847,69,278
4848,54,218.4
4849,49,198.4
4850,67,270.4
4851,52,210
4852,51,206.8
4853,55,220.4
4854,69,276.4
4857,42,169.2
4860,59,237.2
4861,44,178.4
4862,53,212
4863,51,204
4864,55,222.8
4865,55,216.576
4869,50,200
4879,47,180.497
4880,16,64.171
4887,59,236.13
4889,66,266.076
4890,94,376
4894,56,225.565
4895,64,258
4896,64,259.2
4898,64,258
4899,63,252.8
4900,63,253.6
4901,56,225.2
4902,63,252.8
4904,90,361.2
4905,63,253.2
4906,58,234.4
4907,34,139.2
4908,32,129.2
4909,52,210.8
4919,63,253.6
4928,63,254
4929,69,276.4
4930,63,253.2
4931,67,270
4941,60,240
4942,85,341.2
4943,32,131.6
4944,63,253.2
4945,52,210.8
4947,52,210.8
4948,64,258
4949,77,310.4
4950,24,96
4951,63,254.8
4952,68,272
4953,21,84
4954,20,82.8
4955,20,83.6
4956,47,190.8
4957,63,253.2
4958,67,271.6
4960,21,84
4961,21,84
4962,90,360
4963,65,263.6
4964,63,253.6
4994,63,254.4
4995,60,240
4996,65,262.8
5002,63,255.2
5003,61,245.6
5005,17,71.6
5006,8,31.777
5013,23,94.8
5014,22,77.665
5015,19,77.2
5016,22,91.6
5017,20,82.8
5018,23,93.6
5031,23,95.6
5032,24,96.4
5033,24,98.4
5034,22,89.2
5037,19,76
5038,26,104.4
5048,65,261.6
5049,23,89.293
5050,24,96.8
5051,21,85.6
5052,22,91.2
5053,23,95.2
5054,24,98
5055,20,83.2
5056,23,94
5057,23,94
5058,24,97.2
5059,20,82
5060,23,94.8
5061,24,98
5062,25,102.8
5063,27,108.4
5064,32,121.208
5065,47,189.6
5087,50,159.6
5091,62,179.6
5092,59,169.6
5120,51,155.606
5124,56,175.2
5125,70,189.202
5127,47,171.2
5128,48,171.6
5129,48,173.2
5130,53,162.4
5131,49,176
5132,48,172.8
5133,43,148.8
5134,44,152.4
5136,89,276.4
5138,54,154.4
5139,45,163.2
5140,48,174
5161,48,173.2
5162,55,222.8
5163,55,223.2
5165,64,256
5167,63,252
5169,65,262
5170,76,234.801
5180,77,237.2
5181,77,237.2
5183,69,208
5184,76,232.4
5185,76,232.4
5188,59,166.4
5190,79,196.814
5191,54,218.8
5193,82,269.6
5194,63,193.2
5203,83,271.6
5204,45,164.8
5210,53,214
5211,53,214.4
5212,54,219.2
5213,55,223.2
5214,54,216
5215,54,217.6
5216,56,224
5217,56,224
5218,61,246
5219,61,244.4
5220,64,259.6
5221,57,230
5222,53,212.8
5224,76,234.8
5225,48,174.4
5226,53,212
5227,69,209.6
5237,49,181.6
5238,72,27.494
5239,45,164
5241,60,243.6
5243,46,160.4
5244,58,235.6
5245,73,292.8
5247,47,169.6
5248,47,169.2
5250,50,160.8
5251,44,160.8
5253,42,150
5256,62,250.8
5259,84,184.001
5261,47,164.8
5262,55,220.4
5264,65,186.417
5265,66,267.6
5266,75,303.2
5267,76,307.2
5269,66,266.8
5270,63,252.8
5274,66,265.6
5275,66,266.8
5276,75,300.4
5280,172,144.771
5281,52,173.201
5282,52,173.6
5283,52,175.2
5284,49,176.001
5285,61,205.227
5286,61,206.405
5287,51,169.6
5288,117,397.686
5290,61,178.811
5291,83,221.601
5292,83,213.601
5293,87,228.4
5321,59,236.4
5323,54,149.6
5324,52,172.4
5325,60,206.4
5326,47,173.6
5327,53,199.2
5328,56,153.6
5329,56,153.6
5330,72,216.8
5332,44,144
5333,130,376.257
5334,70,280.8
5335,51,169.2
5336,48,173.2
5337,53,162.8
5338,52,171.6
5339,76,214.4
5340,71,216
5342,76,216
5343,73,204.8
5344,118,278.092
5345,68,221.2
5346,51,154.4
5347,47,50.494
5348,57,174.4
5349,51,169.6
5352,82,269.2
5353,52,170.4
5354,52,170.8
5355,172,406.536
5356,51,169.2
5357,154,441.2
5358,73,204.4
5359,82,269.6
5360,82,268
5361,79,257.2
5362,81,264.4
5363,83,273.6
5364,86,285.2
5365,37,134.4
5366,38,136.4
5367,41,147.2
5368,40,145.6
5369,40,144.8
5370,34,120.4
5371,34,120.8
5372,38,136.8
5373,82,271.6
5375,126,47.225
5376,54,47.75
5377,82,329.6
5379,73,294.4
5380,65,261.6
5381,58,235.6
5382,47,189.6
5383,47,168.4
5384,133,533.289
5385,133,532.307
5386,51,169.6
5387,44,161.6
5388,65,204.8
5391,58,234.8
5392,59,236.8
5393,59,239.6
5394,60,240
5395,60,240.8
5396,53,214.8
5397,54,216.8
5398,55,220
5399,55,220.4
5400,55,221.6
5401,55,220
5402,55,220.4
5403,55,220.8
5404,54,217.6
5405,55,220.8
5406,38,137.6
5407,81,268.4
5408,52,159.2
5409,66,216
5410,51,153.6
5411,51,154
5412,51,155.2
5413,45,164
5414,84,280.4
5415,76,306.4
5416,51,189.2
5418,83,278.4
5421,136,388
5422,88,262.4
5424,77,237.2
5426,55,223.2
5427,53,213.6
5428,53,213.6
5429,53,214
5430,53,215.2
5431,54,216
5432,54,217.2
5433,53,213.6
5434,53,213.6
5435,53,214.4
5436,68,220.4
5437,67,148.4
5441,51,154
5442,51,152.8
5443,154,441.2
5445,51,207.6
5452,128,514.126
5453,125,500.198
5455,197,24.692
5456,127,391.2
5457,110,334.8
5458,85,270
5459,45,160.4
5460,63,234.8
5461,117,351.6
5462,121,365.2
5463,51,183.2
5464,51,184
5465,51,186.4
5466,79,288
5467,99,335.6
5468,119,477.476
5469,132,527.334
5470,47,172.4
5471,106,352
5472,78,257.662
5473,104,348.401
5474,61,181.6
5475,72,224
5476,39,139.2
5477,59,197.2
5478,52,171.2
5479,57,162.408
5480,60,240.8
5481,75,224.4
5482,75,224.8
5483,112,392
5484,112,391.6
5485,94,330.4
5486,64,187.2
5488,71,196
5490,94,306
5492,64,201.2
5493,64,201.2
5494,64,201.2
5495,64,201.2
5496,64,201.2
5497,83,274
5498,83,274.4
5500,112,371.2
5501,62,158.4
5502,51,169.2
5503,83,273.6
5504,112,371.2
5506,50,168.4
5507,47,169.2
5508,47,168.4
5509,47,168.4
5511,56,159.2
5512,51,169.2
5513,51,169.2
5514,55,155.2
5515,70,192.4
5516,74,206.8
5517,73,204
5519,76,265.6
5520,55,222
5522,57,230.8
5523,51,170
5525,76,215.6
5526,76,215.6
5527,76,216
5528,93,309.6
5532,94,285.2
5534,60,152.8
5536,64,184
5537,65,161.6
5539,46,168.8
5540,50,182.4
5541,81,250.4
5542,112,371.6
5544,55,155.2
5545,62,188
5546,45,162.4
5547,44,161.2
5548,56,19.477
5549,46,168.4
5550,85,271.2
5553,52,156
5554,112,372
5555,136,387.6
5556,49,162
5557,141,402.8
5560,52,156.4
5561,52,156.4
5562,51,168.4
5563,82,268.8
5565,67,208.4
5566,52,170.4
5568,63,165.2
5569,63,166.8
5570,65,170.8
5571,66,177.6
5572,67,178.8
5573,52,211.6
5574,52,160.4
5575,59,238.4
5577,54,199.2
5579,43,157.6
5580,65,261.6
5582,51,169.2
5584,69,208.8
5603,48,139.843
5616,47,128.843
5628,119,354.11
5629,88,228.306
5631,51,106.865
5632,76,183.198
5633,57,137.009
5634,54,161.602
5642,51,206.8
5643,45,125.758
5645,140,17.725
5646,54,218.4
5648,98,12.379
5649,77,247.894
5651,121,347.323
5656,93,234.822
5657,88,227.405
5658,52,106.407
5659,60,151.181
5660,119,340.132
5661,90,221.595
5662,90,223.09
5663,115,322.897
5669,28,113.2
5670,21,87.6
5671,25,102.4
5672,31,115.529
5673,31,120.016
5674,20,80.8
5675,16,66.4
5681,22,89.6
5682,20,82.8
5683,36,146.4
5684,19,78
5685,19,78.4
5696,25,102.4
5697,25,103.2
5706,14,58.8
5707,21,84.8
5708,24,98.4
5710,15,61.2
5711,20,82.623
5712,27,111.6
5713,20,79.6
5714,28,112.8
5715,25,100.845
5716,25,102
5717,25,102.8
5718,25,100.8
5719,25,101.6
5720,25,102.8
5721,25,103.2
5722,21,84
5723,14,58.4
5724,26,107.2
5725,52,210.8
5726,26,106
5727,19,78
5728,28,113.2
5739,69,279.6
5742,75,302
5743,74,297.2
5744,118,472
5746,57,229.2
5759,34,138
5760,28,113.985
5761,33,134
5762,51,116.022
5763,37,150.8
5765,37,150.8
5767,7,29.6
5777,52,208.8
5779,57,228
5780,45,181.2
5782,51,206.8
5784,52,208.4
5785,39,158.4
5786,36,145.6
5788,28,113.2
5802,120,483.2
5803,61,244
5804,36,146.212
5805,30,120.402
5808,40,160.4
5811,44,176.4
5814,18,71.692
5815,17,70
5816,80,320.4
5817,62,248
5818,117,468.4
5827,28,113.76
5828,114,458
5830,121,486.8
5831,119,479.2
5833,50,202.8
5834,35,143.2
5838,57,160.403
5841,44,113.931
5842,81,327.2
5843,118,472.8
5844,53,215.6
5857,118,474.4
5859,35,140.8
5860,63,253.6
5862,77,310.8
5863,40,159.742
5864,73,295.6
5865,64,256.4
5868,65,260
5870,25,99.613
5871,68,273.6
5872,72,291.6
5873,54,216.4
5874,45,182.8
5875,42,169.626
5876,35,140.435
5878,15,60.827
5879,44,176.4
5880,142,443.968
5882,52,116.978
5885,118,457.433
5886,35,141.2
5887,33,135.6
5888,55,220
5891,33,134.883
5893,102,269.064
5895,41,166.894
5896,42,168.003
5898,44,176.4
5904,38,117.203
5907,75,144.831
5908,59,79.463
5909,35,66.834
5910,40,74.149
5913,86,347.6
5914,65,263.6
5915,37,150
5917,70,281.2
5918,40,161.6
5919,67,268
5921,39,157.2
5923,19,75.221
5924,48,195.2
5925,62,250.4
5926,75,302.4
5928,73,293.2
5932,20,83.2
5937,54,218.8
5939,80,321.6
5940,85,341.6
5942,41,166.328
5944,88,355.2
5945,37,149.6
5947,79,317.2
5948,59,235.373
5952,65,260
5963,43,173.6
5971,92,369.6
5972,84,187.614
5973,81,148.575
5975,47,188.685
5998,31,120.491
6014,71,284
6020,54,218.8
6030,67,268.8
6048,19,76.8
6053,96,385.709
6054,42,171.6
6055,58,235.2
6056,107,424.982
6057,140,561.452
6066,109,436.4
6072,141,492.177
6073,57,230.4
6074,55,222.4
6075,116,466.8
6076,80,321.2
6077,82,331.2
6078,120,483.2
6079,91,363.182
6080,120,481.093
6081,121,485.347
6082,116,463.61
6083,30,119.34
6084,30,118.539
6085,104,418.4
6086,96,378.957
6087,109,436.908
6088,67,269.2
6090,108,432.4
6091,101,406.333
6092,108,433.2
6093,145,583.6
6094,116,466.4
6095,76,306.8
6099,131,526
6100,132,530.8
6106,106,426
6107,46,187.6
6108,137,523.224
6109,132,531.2
6110,46,184
6111,42,170.4
6112,46,184.8
6113,48,192.4
6114,130,521.2
6115,65,261.2
6116,65,261.6
6117,65,261.6
6118,123,493.6
6119,134,538.873
6121,136,547.2
6122,135,540.538
6123,120,432.639
6124,106,424.8
6125,43,172.4
6126,97,390.4
6127,139,556.8
6128,152,549.345
6129,156,558.261
6130,105,422
6131,68,273.2
6132,67,269.2
6133,137,548.8
6134,67,271.2
6135,67,270
6136,62,250.8
6137,69,277.6
6138,157,534.739
6139,137,472.061
6140,135,462.685
6141,137,472.41
6142,138,552.4
6143,138,553.6
6144,64,259.6
6145,61,247.2
6146,71,286
6147,57,229.6
6148,57,229.6
6149,57,230.8
6150,62,248
6151,68,274.4
6152,65,262.8
6153,66,264.8
6154,64,258
6155,65,262.8
6156,63,252.4
6157,55,222.4
6158,133,532.8
6159,125,502
6160,82,331.2
6163,87,350.8
6165,45,183.6
6166,45,183.6
6167,43,173.2
6168,56,224.8
6169,54,216
6170,31,127.054
6171,49,196
6172,42,163.519
6173,88,355.2
6174,51,206
6175,41,157.277
6176,56,225.6
6177,119,476.8
6178,145,583.6
6179,145,581.2
6180,136,545.6
6181,138,552
6182,127,508.8
6183,118,473.6
6184,89,359.6
6185,85,340.4
6186,55,220
6187,127,44.142
6188,45,180.4
6189,47,188.8
6190,47,191.6
6191,56,224.4
6192,60,243.2
6193,65,260
6194,62,251.6
6195,60,240
6196,75,300.059
6197,123,494.4
6198,122,486.46
6199,128,511.961
6200,56,226.4
6201,127,510.8
6202,134,536.8
6203,135,542
6204,130,521.999
6205,108,433.403
6206,109,438.252
6207,92,367.545
6208,33,131.461
6209,32,129.357
6210,54,217.2
6211,112,450.034
6212,48,194.8
6213,48,194.8
6214,60,241.2
6215,59,238.8
6216,49,199.6
6217,50,200
6218,44,177.2
6219,72,291.2
6220,34,138.8
6221,34,138.8
6222,34,139.6
6223,54,217.2
6224,54,217.6
6225,55,220
6226,139,557.2
6227,98,390.671
6228,100,396.831
6229,153,28.416
6230,53,214.4
6231,70,281.65
6232,69,277.6
6234,52,211.6
6235,85,339.445
6236,126,499.288
6238,53,215.2
6239,88,348.992
6240,135,541.774
6242,104,416.692
6243,132,529.676
6244,82,329.041
6245,81,325.378
6246,131,526
6247,131,523.651
6248,73,293.6
6249,74,296.8
6250,64,256.252
6251,81,322.741
6252,69,276
6253,70,283.2
6254,49,199.2
6255,145,580
6256,79,316.8
6257,48,194.8
6258,40,154.339
6259,62,248
6260,127,508.4
6261,40,158.641
6262,74,297.6
6263,71,216.552
6264,65,261.6
6265,133,347.181
6266,114,324.34
6267,130,326.499
6268,108,432.73
6269,44,179.078
6270,41,164.771
6271,41,159.269
6272,40,161.642
6273,140,561.672
6274,133,531.011
6275,92,369.6
6276,75,302.8
6277,89,358.8
6278,89,359.2
6279,72,290.4
6280,71,287.6
6281,128,512.4
6311,36,143.434
6323,52,209.178
6324,28,114.4
6341,56,225.6
6342,56,226
6359,78,312
6360,62,248
6361,75,300.8
6362,69,276.8
6372,110,440.8
6373,110,441.2
6374,64,258
6375,68,272.4
6376,110,441.2
6377,76,305.6
6378,63,252.8
6385,118,472
6388,90,361.2
6389,46,184.4
6391,129,459.339
6397,52,209.2
6398,73,285.576
6399,118,475.6
6400,114,459.2
6401,69,278.4
6411,68,275.6
6413,88,353.2
6414,112,448
6415,112,450.8
6416,113,454
6417,112,451.2
6418,113,452
6419,63,253.2
6421,94,378.4
6422,184,49.212
6423,92,280.035
6425,113,452
6426,134,32.028
6428,102,14.66
6430,79,318.8
6431,84,337.2
6432,93,375.2
6434,79,0.894
6435,75,303.2
6440,50,200.4
6441,186,45.675
6442,66,264.215
6451,66,266.8
6452,80,321.2
6453,116,465.2
6454,76,306
6467,59,239.6
6468,60,240
6493,107,428
6495,60,241.2
6496,71,286
6497,89,359.6
6498,85,341.6
6499,93,375.6
6500,57,231.6
6501,51,206.8
6502,52,209.6
6503,68,274
6504,76,306.4
6505,81,324
6506,60,241.2
6507,77,310.4
6508,63,255.2
6509,69,279.2
6510,62,250.4
6511,80,322.4
6512,79,318.8
6513,79,319.2
6514,80,320.8
6516,78,314.4
6517,75,301.6
6519,80,323.6
6521,82,331.2
6522,79,316.8
6523,83,332.4
6533,79,316
6535,60,243.6
6536,60,240
6562,55,222.8
6563,56,224.4
6564,58,232.4
6565,95,381.6
6566,84,336.8
6567,76,306.4
6568,66,267.2
6569,80,320.8
6570,75,300.4
6571,59,237.2
6572,75,302.4
6573,73,294.8
6574,55,223.2
6575,70,281.2
6576,78,313.6
6577,84,338
6578,76,307.6
6579,72,291.2
6580,55,220.8
6581,72,290.4
6582,66,266.8
6583,53,213.2
6584,54,217.2
6585,56,224.8
6586,107,431.2
6587,101,406.8
6588,127,508.8
6589,102,409.6
6590,109,436
6591,66,267.6
6592,107,428.8
6593,107,429.6
6594,47,191.2
6595,105,421.2
6596,77,310.8
6597,78,312
6598,78,314.4
6599,50,202
6600,51,204.4
6601,96,386.4
6602,77,308
6603,77,308.8
6604,77,311.6
6605,78,312
6606,89,358.4
6607,70,281.6
6608,54,219.6
6609,86,347.2
6610,93,375.2
6611,55,222
6612,55,223.6
6613,42,170.4
6614,74,298
6615,77,309.2
6616,78,312
6617,78,313.6
6618,78,315.2
6619,55,221.2
6620,53,214.8
6621,54,216
6622,79,317.6
6623,55,220
6624,80,321.6
6625,60,242.8
6626,60,242.8
6627,61,245.6
6631,53,213.2
6632,53,214
6633,120,482.4
6634,121,484
6635,114,458.4
6636,114,458
6637,121,484.8
6638,53,213.2
6639,52,211.6
6640,56,226.8
6647,51,206
6648,86,346
6651,62,250.4
6656,44,176.4
6657,46,186.8
6660,58,232.8
6661,115,462.4
6662,53,215.2
6664,2,11.2
6665,68,273.2
6666,54,216.4
6668,116,466
6669,91,367.6
6670,72,290.4
6673,78,313.2
6676,73,292.4
6677,110,440
6679,53,212.8
6681,59,236.4
6683,55,222.8
6685,93,374
6686,76,307.6
6687,61,247.6
6688,62,248.4
6690,70,280
6691,88,355.2
6692,78,312.4
6693,78,312.4
6694,87,350
6696,78,313.6
6697,5,21.2
6698,65,262.8
6699,66,267.2
6701,88,355.2
6702,88,355.2
6704,80,322.4
6705,54,218.8
6706,102,410.8
6707,69,278.4
6725,70,281.6
6743,65,261.6
6744,58,234.4
6745,70,283.6
6746,70,281.2
6747,74,298
6748,77,311.2
6749,77,310.4
6750,85,343.2
6751,100,402
6752,100,402.8
6753,102,409.2
6775,85,340.4
6776,62,250
6777,62,250.4
6778,52,209.2
6779,58,233.6
6780,50,200.4
6781,52,209.6
6782,48,192.8
6783,48,192.8
6784,79,316
6785,72,288
6798,87,348
6799,84,338.8
6800,107,428
6801,91,366
6802,77,308.4
6803,106,425.2
6804,104,418.8
6805,105,422.4
6815,93,374.4
6816,89,357.2
6817,95,380
6818,96,385.2
6819,96,384.8
6820,112,449.2
6821,90,362.4
6822,79,316.4
6823,86,344.4
6824,99,399.6
6825,82,329.6
6826,74,299.2
6827,80,322.4
6828,80,322.8
6848,91,366.4
6849,65,260.4
6850,57,228.8
6851,57,230.4
6852,55,221.2
6853,55,222.4
6854,52,211.6
6855,53,212.4
6856,85,340.4
6857,78,315.6
6858,93,373.2
6859,90,362.8
6860,76,305.6
6861,73,295.6
6864,38,154
6865,148,592.8
6866,83,335.2
6868,95,381.2
6869,96,386
6872,188,504.528
6873,168,614.395
6874,47,190.4
6887,76,305.6
6888,9,39.2
6891,54,218.8
6892,57,229.2
6893,57,229.2
6894,57,229.2
6895,57,229.6
6896,58,232.8
6897,56,227.2
6898,57,230
6899,56,226.8
6900,56,224.4
6901,56,227.2
6902,57,230
6903,57,230.4
6904,62,249.2
6905,65,261.2
6906,92,368
6907,36,145.6
6908,106,424.8
6909,85,342
6910,44,177.2
6911,52,211.6
6912,53,212.4
6913,53,213.2
6914,53,212.8
6915,53,213.2
6916,58,235.2
6917,59,236.8
6919,103,414.4
6921,26,104.8
6922,57,229.6
6923,60,242
6924,70,281.6
6925,13,52
6926,22,88.4
6927,13,52.8
6928,22,90.8
6929,77,310.4
6930,25,102.8
6933,18,73.2
6934,13,53.2
6935,13,52
6936,38,154.4
6937,38,153.6
6938,60,243.2
6939,36,147.6
6940,62,251.6
6942,60,240
6944,60,241.6
6945,87,351.2
6946,101,405.6
6947,113,454.4
6948,57,229.2
6949,105,421.6
6951,58,234.4
6952,81,324
6954,65,260.4
6955,94,377.2
6956,64,258.4
6957,64,258.4
6958,33,134
6960,67,270.4
6962,59,238
6963,66,266.4
6964,58,235.2
6965,55,220
6966,80,321.2
6967,59,237.6
6968,63,254
6969,67,269.2
6970,98,394.4
6972,69,279.2
6974,66,265.2
6976,81,324.4
6977,60,241.6
6979,74,296
6980,65,260.8
6982,56,226
6983,56,226
6984,5,22.8
6985,5,21.2
6988,5,22.8
6989,5,22.8
6990,5,23.2
6991,7,29.2
6995,5,20
6996,5,20
6997,100,403.6
6998,108,434.4
6999,94,376.4
7000,94,378.8
7001,103,413.6
7002,50,202.8
7003,59,239.6
7004,57,230.8
7005,58,234.8
7006,69,258.572
7007,55,223.2
7008,56,224.4
7009,56,227.6
7010,55,223.2
7011,56,224.4
7012,57,228.4
7013,52,208.8
7014,57,228.4
7015,52,210
7016,58,232.8
7017,58,233.2
7018,112,450.4
7019,54,217.6
7020,54,217.6
7021,54,218.4
7022,55,223.2
7023,56,224.4
7024,56,226.4
7025,55,223.2
7026,56,224.4
7027,56,226.4
7028,58,235.2
7029,59,237.2
7030,58,235.2
7031,59,237.2
7033,63,252.4
7034,52,211.6
7036,73,293.6
7037,73,293.2
7038,70,280.8
7039,87,348.4
7040,82,331.6
7041,82,330.4
7042,103,412
7043,109,439.6
7044,81,324.4
7045,79,319.2
7046,84,339.2
7047,90,361.6
7048,82,330
7050,85,340.8
7051,86,344.4
7052,111,446.8
7053,48,192
7054,67,270.4
7055,98,393.6
7056,78,314.4
7057,78,314.4
7058,81,324.4
7059,80,322.8
7060,78,313.6
7061,79,318.8
7062,82,328
7063,82,331.6
7064,89,358
7065,66,267.6
7066,59,239.6
7067,18,72
7068,90,362
7070,77,310.8
7071,78,314
7072,93,375.2
7073,77,310.8
7074,89,357.6
7075,93,373.2
7076,99,396.8
7077,75,300.4
7078,74,299.2
7079,66,264.8
7080,78,313.2
7081,80,322
7082,84,338.4
7083,79,316.8
7084,81,324
7085,106,425.6
7086,98,395.2
7087,44,179.6
7088,43,174.4
7089,76,305.6
7090,86,344.4
7091,92,369.6
7092,79,317.6
7093,72,288.8
7094,83,332.8
7095,84,336.8
7096,85,340.4
7097,93,375.2
7098,90,360.4
7099,93,375.2
7100,92,370.8
7101,95,382
7102,78,314.4
7103,96,385.2
7104,102,408.4
7105,102,409.2
7106,102,409.2
7107,102,409.6
7109,85,340.8
7110,60,240.8
7111,81,326.8
7112,57,230
7113,105,420
7114,100,401.6
7115,114,459.6
7116,93,373.2
7117,86,347.2
7118,99,398
7119,100,402.4
7120,107,429.6
7121,90,362.8
7122,92,371.2
7123,99,398.4
7124,93,373.2
7125,96,387.2
7126,109,438.8
7127,94,377.2
7128,96,385.2
7129,143,525.59
7130,85,340.8
7131,65,260.8
7132,65,260.8
7133,69,258.53
7134,79,317.6
7135,79,319.2
7136,79,317.6
7138,64,257.6
7139,68,274
7140,87,351.2
7141,95,380
7142,81,326.8
7144,108,433.2
7145,95,383.6
7146,59,238
7147,59,238
7148,96,385.2
7149,94,377.2
7150,99,397.6
7151,97,388.4
7152,103,413.6
7153,52,208.4
7154,97,389.6
7155,97,389.6
7156,109,438.4
7158,57,229.2
7159,57,229.2
7160,57,229.2
7161,57,228
7162,57,229.2
7163,57,229.2
7164,56,224
7165,57,229.2
7166,79,318.4
7167,75,303.6
7168,70,282
7169,72,290.4
7170,72,290.4
7171,72,290
7172,72,290.8
7173,75,303.6
7174,76,304.4
7175,59,238
7177,114,456.4
7178,45,182
7180,59,238.8
7182,106,426.4
7183,105,421.2
7184,84,339.2
7185,86,346.4
7186,87,349.2
7188,63,252
7189,53,212
7190,61,245.2
7191,91,364.8
7192,88,352
7194,91,364
7195,28,112
7197,89,359.6
7198,78,314
7199,99,399.6
7200,86,345.6
7202,43,174.4
7203,77,310
7204,89,357.2
7205,90,363.6
7206,90,362.4
7207,54,217.2
7209,54,219.6
7210,91,364
7219,9,38
7220,9,38.4
7221,9,38
7222,9,38.8
7223,75,303.2
7224,85,343.6
7225,61,244.4
7228,66,266.4
7229,67,268.8
7230,67,268.8
7231,84,337.6
7232,63,255.2
7233,44,177.2
7234,44,177.2
7235,67,268.8
7236,63,252.4
7237,63,252.8
7238,63,252.8
7239,62,248.4
7240,98,394.8
7242,113,452
7243,99,398.4
7244,90,363.6
7245,106,426.4
7246,116,464.8
7247,86,347.6
7248,86,344
7249,79,318.8
7250,67,270.4
7251,81,327.6
7252,84,338.4
7255,70,283.2
7256,71,286.4
7257,71,286.4
7258,93,375.6
7259,79,318
7260,61,244.8
7261,102,410
7262,65,261.2
7263,93,374.4
7265,60,242.8
7266,66,266.4
7267,52,211.2
7268,52,211.6
7269,96,387.2
7270,57,230.8
7271,57,230.8
7272,100,400
7273,95,382.8
7274,91,367.2
7276,98,394
7277,10,43.2
7278,116,464.8
7279,113,454.8
7280,72,289.6
7281,90,360.4
7282,99,396.4
7283,75,300.4
7284,84,337.6
7285,81,325.6
7286,106,427.2
7287,108,434.4
7288,115,460.4
7289,85,340
7290,77,311.6
7291,88,352
7292,70,281.6
7293,45,182
7295,57,230.8
7296,91,366.4
7297,58,234
7300,59,238
7301,58,234
7302,5,22.4
7303,5,22.4
7304,97,391.6
7305,80,320
7306,95,382.4
7307,88,354.4
7308,78,315.2
7309,92,371.6
7310,93,374.8
7311,97,389.2
7312,93,375.2
7313,96,386.4
7314,74,298
7315,113,454.4
7316,72,290
7317,88,352.8
7318,65,260
7319,72,290
7320,94,379.6
7321,103,415.2
7322,96,384.8
7323,100,403.6
7372,48,193.2
7373,57,229.6
7384,39,159.6
7392,52,211.6
7393,42,167.9
7394,43,172.8
7395,38,154
7397,58,232.8
7400,48,193.2
7401,41,166
7453,74,298.8
7460,55,119.927
7461,63,252.4
7462,234,47.671
7463,105,420
7465,92,370
7466,86,344.8
7468,42,168.8
7469,42,168.8
7470,42,168.8
7474,68,275.6
7475,67,223.259
7477,46,150.056
7478,32,130.4
7479,39,157.2
7481,70,223.387
7482,42,168.4
7483,42,168.4
7484,231,43.654
7486,88,278.225
7487,54,193.011
7488,55,184.223
7489,57,187.82
7490,71,239.52
7491,98,295.985
7492,46,186
7493,116,363.939
7494,100,281.584
7495,117,352.653
7496,76,222.109
7497,91,258.082
7498,74,298.8
7501,36,92.845
7504,82,228.899
7506,47,138.277
7508,110,323.696
7509,74,258.473
7510,47,191.6
7511,39,157.2
7513,43,128.121
7515,53,171.63
7516,125,381.433
7517,91,257.226
7518,112,451.6
7519,42,168.8
7520,25,7.976
7521,111,330.011
7522,67,271.2
7523,70,235.907
7525,34,137.6
7526,34,139.6
7528,47,136.806
7529,114,372.833
7530,42,168.8
7532,44,125.969
7533,39,159.2
7534,126,383.273
7535,127,390.444
7536,125,379.643
7537,106,363.763
7560,43,173.335
7561,28,112
7562,25,100.861
7563,23,95.6
7575,54,217.346
7589,112,447.787
7624,42,168
7625,112,451.237
7636,53,214
7648,75,299.451
7649,120,476.488
7652,56,223.386
7653,115,461.021
7654,58,232.8
7656,53,212.8
7657,116,466
7660,87,349.6
7661,72,290.8
7663,60,240
7666,50,200.4
7674,53,215.6
7683,110,440.8
7684,84,339.2
7686,112,448.8
7687,151,325.772
7695,164,299.539
7696,58,124.964
7697,101,406.8
7698,110,440
7699,102,411.6
7700,106,426.8
7704,72,142.254
7710,109,439.2
7711,53,213.2
7712,141,395.992
7713,68,94.813
7714,62,92.073
7715,60,99.782
7717,67,71.094
7736,63,92.53
7737,59,82.836
7738,44,176.4
7739,44,177.6
7740,41,164
7741,41,164
7742,168,276.619
7743,169,275.854
7745,58,235.6
7746,52,209.2
7747,90,363.6
7748,67,270
7749,77,311.6
7750,170,253.969
7751,148,199.772
7752,210,46.512
7762,53,84.086
7764,87,139.878
7768,133,181.462
7769,73,95.528
7770,91,364
7771,132,98.734
7773,66,82.438
7777,85,341.2
7778,64,95.445
7779,70,123.73
7780,117,468
7781,151,306.265
7782,157,243.731
7783,103,96.693
7784,116,464
7785,53,99.054
7786,94,377.6
7787,91,367.2
7788,76,304.4
7790,90,360.8
7791,77,308
7792,105,421.2
7793,163,345.653
7794,120,480.4
7795,111,445.2
7796,97,187.966
7800,44,178
7802,91,117.097
7803,84,130.674
7804,77,167.088
7805,133,257.357
7807,74,77.258
7809,56,84.045
7810,77,309.2
7812,53,83.677
7816,123,93.76
7818,132,98.499
7819,99,95.373
7821,110,85.542
7823,104,84.533
7825,199,22.899
7827,110,441.2
7829,116,284.805
7830,109,248.003
7831,153,268.237
7832,98,392
7833,113,454.8
7834,90,360.4
7835,104,418
7836,152,288.638
7837,117,468.4
7839,116,465.2
7840,80,320.4
7841,116,273.771
7842,118,271.795
7844,114,458.8
7846,110,443.2
7847,85,340.4
7849,166,230.041
7850,110,440.8
7851,110,440.8
7852,115,463.6
7853,115,172.655
7855,178,264.821
7856,144,228.956
7857,173,254.11
7858,120,480
7859,117,468
7860,199,28.787
7861,115,462.8
7862,68,71.087
7863,62,78.823
7865,56,225.2
7866,123,493.6
7867,52,210.4
7869,136,410.933
7870,103,313.742
7871,135,406.875
7873,120,261.811
7882,25,97.864
7883,23,90.139
7884,23,93.977
7907,99,396
7918,47,190.685
7919,95,381.6
7920,98,394.4
7922,98,395.6
7923,37,147.872
7925,35,143.2
7926,99,396
7957,13,55.6
7958,50,203.2
7961,73,293.2
7962,72,288
7974,119,476.8
7977,106,426.8
7978,107,430
7979,128,514.756
7980,120,480.4
7981,113,434.998
7982,54,217.6
7983,58,234
7984,60,243.6
7985,59,237.6
7986,58,235.6
7987,62,248
7988,57,230.4
7989,57,230.4
7990,128,514
7991,58,234.8
7993,207,368.425
7994,118,474.8
7995,83,332.465
8040,79,316
8063,78,283.021
8064,77,262.234
8066,78,314
8074,90,359.804
8075,79,316.4
8077,57,231.6
8079,79,318
8081,80,320.4
8083,74,269.6
8085,80,321.2
8087,193,166.186
8089,80,284.8
8090,78,313.2
8092,74,296.8
8093,110,441.6
8094,93,368.8
8095,79,319.6
8096,130,492.253
8097,119,444.4
8098,120,447.2
8099,120,446.8
8106,204,118.076
8108,75,301.2
8110,75,301.2
8111,75,301.2
8112,123,468
8114,54,219.2
8115,98,390.15
8116,59,239.6
8117,120,480.4
8119,110,409.605
8120,131,498.4
8121,114,431.2
8122,70,246.686
8123,129,513.856
8124,98,391.228
8125,140,532.122
8126,130,493.223
8127,103,379.2
8128,84,336.4
8129,61,19.805
8130,112,87.8
8131,159,213.278
8132,77,311.111
8133,106,363.593
8134,127,474
8135,111,410.4
8136,111,410
8137,113,419.6
8138,132,497.2
8140,46,185.6
8142,82,283.241
8144,130,367.415
8157,60,241.6
8171,46,184.4
8172,107,430.4
8189,111,446.8
8190,111,446.4
8191,52,209.6
8192,76,306.8
8193,42,170.4
8194,74,298.8
8195,87,348
8197,41,166.4
8199,113,453.2
8200,121,484
8201,121,485.6
8202,121,484
8204,85,341.6
8206,86,345.6
8207,87,296.805
8208,98,322.208
8209,96,319.246
8211,81,325.6
8213,85,341.2
8214,82,329.6
8215,85,341.2
8217,119,476.4
8218,122,491.6
8220,44,179.2
8221,54,216
8224,91,366
8227,39,158.4
8228,20,83.6
8229,85,341.6
8235,59,239.6
8236,60,240.4
8238,81,326
8242,22,91.2
8243,22,3.328
8244,58,233.2
8245,74,299.2
8246,76,307.2
8248,76,306.8
8249,106,425.6
8250,69,278
8253,70,282.8
8254,112,451.6
8257,61,246.4
8258,61,247.6
8260,79,318
8262,84,265.639
8263,82,258.048
8264,140,470.844
8265,55,223.6
8266,46,184.8
8267,120,483.6
8271,94,147.124
8273,72,288.4
8274,113,454.8
8275,107,428.8
8277,106,425.6
8281,59,238.4
8283,68,60.568
8286,62,249.6
8296,86,345.6
8298,85,341.6
8299,85,341.6
8300,85,341.6
8301,85,342
8302,85,341.6
8304,109,437.2
8305,91,364.8
8307,62,248.8
8308,77,310.8
8309,153,93.271
8310,55,220
8312,136,25.47
8313,63,254
8314,70,280
8315,64,259.6
8316,65,262.4
8317,94,377.6
8318,113,454.8
8319,68,140.84
8321,68,140.898
8322,101,165.619
8323,94,151.52
8325,97,90.923
8326,101,91.14
8327,96,112.88
8328,44,119.61
8329,99,145.6
8331,96,135.206
8332,100,134
8333,103,202.884
8334,108,216.858
8335,108,216.401
8336,107,214
8337,84,210.8
8348,132,528.4
8349,87,131.218
8350,93,375.2
8351,106,424.8
8352,105,422.068
8353,105,158.001
8354,86,125.526
8355,99,95.76
8356,86,125.468
8361,123,494.4
8362,92,370.8
8363,96,113.083
8364,88,353.2
8365,81,326.4
8366,134,251.514
8367,115,462
8368,94,378.8
8369,143,250.417
8370,66,119.601
8371,74,134.8
8372,101,130.711
8373,127,206
8374,62,248.4
8375,76,305.6
8378,96,92.459
8379,106,423.397
8380,94,159.601
8381,89,104.816
8382,41,109.253
8383,84,127.204
8384,80,132.402
8385,111,92.148
8386,114,93.842
8387,85,342.4
8388,66,119.667
8389,130,208.421
8390,127,231.459
8391,84,111.44
8392,84,113.67
8393,43,101.605
8394,130,179.964
8395,147,209.515
8396,156,240.92
8397,145,259.54
8398,145,258.855
8399,125,214.814
8400,89,134.133
8401,90,363.2
8402,86,344
8403,83,138
8404,82,132.8
8407,117,219.206
8408,72,291.2
8409,127,508
8411,83,332
8412,64,257.2
8413,85,342.4
8414,131,526
8415,140,562.8
8416,102,410
8417,93,374
8418,105,133.343
8419,72,104.826
8420,78,103.602
8421,94,167.202
8422,84,210.405
8439,67,271.6
8441,60,241.6
8442,60,240.504
8443,55,221.6
8444,61,210.427
8446,117,470.4
8448,119,475.876
8497,102,410.8
8498,53,213.2
8501,56,227.2
8504,51,207.2
8508,80,320
8509,59,236.4
8510,89,357.6
8511,55,221.2
8513,102,408
8515,118,472.8
8516,102,408.4
8517,50,202.4
8518,95,380
8519,105,421.2
8520,82,329.6
8521,78,312.4
8523,120,482.4
8526,65,261.6
8527,113,453.658
8545,109,438
8546,63,255.2
8548,105,422.4
8549,74,297.2
8550,61,237.785
8551,92,369.2
8552,38,152.4
8553,74,296.8
8554,56,224.4
8562,74,298.8
8563,92,368
8564,53,212
8565,50,202.8
8566,63,255.6
8568,64,257.2
8569,86,347.6
8570,56,226.8
8572,47,190.8
8574,55,222.4
8575,78,307.328
8577,54,219.2
8578,125,480.095
8580,59,236
8581,81,326.4
8582,70,280.8
8587,55,222
8590,49,198.8
8593,85,342.4
8594,70,264.445
8595,95,383.2
8596,80,320.8
8597,59,239.6
8598,47,191.6
8600,57,228
8601,9,36.4
8602,84,338.4
8603,57,230.8
8604,116,464.4
8605,66,264
8606,55,222.8
8607,58,232.8
8608,49,196
8610,116,464.4
8611,66,264.8
8612,65,260.8
8614,50,201.6
8620,56,225.6
8623,103,414
8624,73,295.2
8664,35,140.629
8726,23,95.6
8727,77,309.238
8728,124,499.6
8729,77,309.2
8730,121,484
8731,74,297.6
8732,70,283.46
8741,31,124.4
8743,23,94.623
8744,38,152.738
8745,42,169.388
8747,68,273.979
8748,68,271.633
8749,54,213.777
8751,25,102.4
8752,29,118.18
8755,89,359.6
8774,42,170
8775,85,343.6
8776,40,161.84
8777,22,88.4
8778,99,399.2
8779,47,189.437
8780,99,399.6
8782,124,497.2
8783,53,213.2
8784,60,240.8
8785,17,68
8786,113,452.8
8788,119,476
8790,117,470
8791,31,124.4
8792,118,474.8
8793,49,199.6
8794,63,253.108
8795,72,291.2
8796,68,273.786
8797,124,497.2
8798,72,288.967
8799,60,241.199
8800,115,461.6
8801,60,240.4
8802,110,443.6
8803,123,495.2
8804,102,410.8
8805,63,255.6
8806,67,269.363
8807,62,250.8
8809,67,269.31
8810,124,499.2
8811,72,288.416
8812,48,192.392
8813,64,258.4
8814,70,281.57
8816,69,278.221
8817,72,287.737
8818,58,233.572
8819,28,112.4
8820,42,168.304
8821,38,152.4
8822,21,87.2
8823,57,231.6
8824,120,480.4
8826,120,483.6
8827,116,464.8
8828,55,222.4
8829,44,176
8830,45,182.8
8831,43,173.171
8832,90,362
8833,45,182.4
8834,119,476
8836,67,268.4
8837,56,227.2
8839,53,213.795
8840,55,220.4
8841,116,467.6
8842,124,499.6
8843,124,498.8
8844,70,279.914
8845,41,164.4
8846,39,158
8847,45,182
8849,120,482
8851,58,234.754
8853,117,469.2
8855,124,497.2
8859,43,173.725
8860,39,154.981
8862,63,253.58
8863,58,235.044
8867,34,137.563
8869,58,231.251
8870,57,230.66
8873,89,359.6
8874,124,498
8875,31,126.543
8876,70,280.994
8877,55,217.626
8879,106,424.8
8880,103,413.2
8883,124,497.2
8884,110,443.2
8893,67,267.112
8894,8,32.4
8916,63,254
8937,64,259.6
8938,52,209.711
8939,15,63.6
8940,33,134.8
8956,44,174.594
8958,53,213.365
8959,49,197.6
8960,36,144
8961,69,275.384
8962,49,197.338
8963,25,102.137
8965,28,112
8974,30,120.8
8976,45,183.2
8980,22,88
8981,55,222.867
8983,57,231.2
8984,82,330.8
8999,28,110.922
9000,25,101.2
9002,52,208.392
9003,28,113.2
9004,57,228.943
9008,47,190.096
9039,12,48
9040,94,353.756
9041,44,179.2
9043,33,131.159
9044,21,84.608
9046,31,125.6
9050,39,158.8
9054,26,105.2
9057,120,23.333
9063,24,99.2
9064,66,266.4
9068,25,101.6
9069,61,246.766
9070,36,147.6
9071,71,56.135
9072,72,77.987
9074,58,31.667
9076,36,147.6
9077,41,167.164
9079,92,88.628
9081,17,68.4
9084,81,325.2
9086,45,180
9088,37,151.2
9089,78,315.6
9092,37,151.2
9095,121,58.852
9097,93,316.298
9099,47,191.2
9101,40,161.2
9103,64,258.8
9104,69,277.059
9105,111,444
9107,57,214.341
9109,105,377.052
9110,76,306.4
9111,35,142.868
9112,98,395.6
9113,68,274.659
9118,52,210.4
9120,48,194.8
9124,29,116.8
9128,89,56.68
9129,14,56.774
9130,65,263.225
9145,137,551.2
9146,117,464.233
9147,60,243.2
9148,52,209.401
9149,76,307.372
9150,121,484.4
9151,104,416.8
9152,105,421.2
9153,116,463.456
9154,44,177.6
9155,107,429.6
9156,75,300.4
9157,84,336.8
9158,84,337.6
9173,122,488.8
9174,85,340
9175,87,349.2
9176,78,314
9177,69,276.4
9178,86,346
9179,143,572.4
9180,132,530.8
9181,132,531.6
9182,90,363.6
9183,89,357.2
9184,124,498.4
9185,83,328.811
9188,77,310.642
9194,108,435.2
9195,76,306.069
9199,57,230
9211,66,265.6
9212,73,293.412
9213,72,285.334
9214,61,246.8
9215,95,381.2
9216,60,242
9217,60,241.6
9218,60,241.6
9219,60,241.6
9224,112,451.6
9225,112,449.2
9226,65,257.186
9227,131,524.8
9229,149,599.6
9230,142,571.2
9231,142,570
9232,66,263.95
9233,65,263.451
9235,140,561.6
9236,71,286.4
9237,79,319.2
9238,101,405.2
9239,79,316
9240,75,303.2
9241,75,303.2
9242,111,444.8
9243,101,407.2
9244,101,405.6
9245,26,103.842
9246,70,281.2
9247,63,254.445
9248,57,230.744
9251,82,330.8
9252,70,281.6
9253,83,334
9254,84,336.4
9255,117,469.2
9257,85,342.4
9258,89,358.4
9259,83,335.2
9260,48,193.2
9261,112,449.2
9262,51,207.2
9263,51,207.2
9264,49,197.6
9265,72,289.072
9266,95,380.4
9267,95,380.8
9268,95,380.4
9269,95,380.4
9270,95,380.8
9271,57,230
9272,65,259.049
9273,176,151.71
9274,69,276.048
9275,95,380.8
9276,56,227.2
9277,81,324.388
9278,57,229.6
9279,68,273.2
9280,57,230
9281,79,319.2
9282,81,325.2
9283,77,307.751
9284,83,335.6
9285,71,284.4
9286,58,233.2
9287,59,237.2
9288,57,231.2
9289,77,308.119
9290,81,326.4
9291,75,301.2
9292,75,301.2
9293,74,299.6
9294,74,299.6
9295,67,269.2
9296,57,228.4
9297,60,242
9298,110,443.6
9299,101,407.131
9300,78,314.26
9301,101,406.131
9302,102,404.783
9303,71,284.572
9304,93,375.2
9305,115,461.2
9306,72,277.483
9308,65,260.8
9309,45,181.6
9310,89,356.8
9311,118,474.8
9312,109,436.8
9313,66,266
9314,89,358
9315,45,180
9316,57,230
9317,56,224
9318,72,289.281
9319,89,357.6
9320,77,309.2
9321,112,449.2
9322,112,449.6
9323,128,515.2
9324,88,345.81
9325,128,512
9326,124,498.8
9327,70,283.6
9331,64,256.8
9332,28,114.8
9333,29,119.2
9334,101,399.156
9335,65,260.4
9336,129,518
9337,75,299.779
9339,111,447.2
9340,113,452.4
9341,63,254.4
9342,38,153.6
9343,65,260.8
9344,59,239.267
9345,135,542.4
9346,215,163.616
9347,47,189.2
9348,75,302
9350,15,60.4
9351,75,302
9352,71,286.8
9353,119,479.6
9354,65,261.6
9355,65,261.6
9356,66,267.2
9357,202,146.904
9358,166,81.123
9359,129,517.6
9360,80,323.6
9361,210,128.182
9362,211,130.579
9363,206,108.936
9364,117,468.4
9365,125,501.2
9366,143,574
9367,119,476.8
9368,66,264.622
9369,55,220.8
9371,75,298.966
9372,106,426.8
9374,62,248.4
9375,117,469.2
9376,52,208
9377,63,253.6
9378,57,230
9380,100,401.6
9381,49,196.265
9382,58,234.8
9383,58,234
9384,79,317.414
9385,119,476
9386,100,401.6
9387,111,445.6
9388,69,276.07
9390,80,315.773
9391,71,284.8
9392,120,483.6
9393,20,82.852
9394,20,82.287
9395,21,85.2
9396,21,85.2
9397,21,85.2
9398,21,86.445
9399,15,62.613
9400,48,194.4
9401,45,182.4
9402,41,165.6
9403,21,87.2
9404,64,257.831
9405,65,262
9406,66,267.6
9407,68,272.928
9408,67,270.507
9409,55,220.4
9410,74,293.996
9411,119,477.2
9412,134,532.678
9413,136,545.328
9414,48,195.358
9415,46,186.679
9416,77,306.495
9417,76,304
9418,102,410.466
9419,86,347.2
9420,87,350
9421,99,398
9422,110,442.8
9423,69,276
9424,69,276
9425,77,308.4
9426,77,311.2
9427,55,220.4
9428,55,220.4
9429,45,180.4
9431,49,197.2
9432,113,452.8
9433,110,442.4
9434,103,407.608
9435,102,408
9437,96,387.2
9438,85,343.6
9439,72,289.6
9440,40,163.232
9441,57,230
9442,59,237.2
9443,64,256.4
9444,56,226.8
9445,56,226.4
9446,52,210.4
9452,100,401.6
9453,100,403.6
9454,95,380.8
9455,74,298
9456,119,476.4
9457,80,320.998
9459,56,227.2
9460,75,300.8
9461,80,322
9462,85,342
9463,49,197.6
9464,60,241.6
9465,46,186
9466,64,258.342
9467,65,261.2
9471,71,287.6
9472,117,470.8
9473,55,220
9474,57,230
9475,57,230
9476,58,232.4
9477,195,149.608
9478,48,193.2
9479,48,193.6
9480,134,539.2
9481,65,263.6
9482,58,232
9483,66,265.562
9484,57,230
9485,97,390.041
9486,127,511.6
9487,111,446.713
9488,35,142.311
9490,83,328.982
9491,25,102.821
9493,76,306.007
9494,115,463.6
9495,115,461.6
9496,142,571.6
9497,142,569.6
9498,103,415.6
9499,61,246
9500,46,185.2
9501,71,284.4
9502,64,257.6
9503,59,237.2
9504,141,564.4
9505,85,341.2
9506,93,372.525
9507,211,162.811
9510,150,603.2
9511,107,428
9514,70,282.4
9515,70,281.2
9516,63,252.4
9517,66,264
9518,203,146.002
9519,70,283.2
9520,55,222
9521,56,226.4
9522,68,272
9523,67,269.2
9524,71,285.6
9525,73,292
9526,54,218.8
9527,81,325.2
9528,80,320.4
9529,70,280.4
9530,66,267.6
9531,87,349.6
9532,83,335.2
9533,73,294.4
9534,74,298.8
9538,85,343.2
9539,76,307.6
9540,90,360.4
9541,95,380.4
9542,78,314.8
9545,37,149.2
9546,100,402
9547,77,308
9550,73,293.6
9563,126,506.4
9566,7,29.6
9567,63,252
9568,190,173.294
9569,138,554.4
9570,68,273.2
9571,136,547.2
9573,131,526.8
9574,95,380
9575,96,387.2
9576,101,405.6
9577,103,414.4
9578,53,215.6
9579,53,215.6
9580,53,215.2
9581,45,181.2
9582,45,181.2
9583,46,186
9584,199,142.026
9585,165,81.217
9586,199,141.763
9587,77,311.6
9588,67,271.6
9589,79,316
9590,67,271.2
9591,60,242
9592,64,258.8
9593,59,238.8
9594,134,539.321
9595,138,224.407
9596,91,344.574
9597,9,36.687
9598,67,270.404
9600,109,196.083
9601,99,195.575
9602,130,225.448
9603,116,203.533
9604,89,356
9605,63,253.6
9606,83,332.4
9607,70,281.6
9608,50,203.2
9609,74,298.8
9610,50,201.2
9611,50,201.6
9612,84,336
9613,88,352.8
9614,168,67.788
9615,93,371.54
9617,73,293.6
9618,223,181.511
9619,122,489.2
9620,55,219.763
9621,90,359.12
9622,81,325.2
9623,71,287.2
9624,96,387.2
9625,77,309.6
9626,78,313.2
9627,88,354
9628,83,333.2
9629,73,295.2
9630,63,252.8
9631,78,312
9632,69,278.4
9633,69,276.4
9634,69,276.8
9635,97,391.6
9636,88,353.2
9637,82,328
9638,108,430.617
9639,144,576.8
9640,97,187.391
9641,97,187.45
9642,64,256.406
9643,32,129.888
9646,81,325.072
9647,168,672.409
9648,80,319.299
9649,190,90.931
9650,71,285.6
9651,88,352.384
9652,121,48.922
9655,109,436.583
9658,55,220.8
9659,65,263.6
9660,70,283.2
9661,79,316
9662,58,235.6
9663,86,347.2
9666,53,215.2
9668,207,162.241
9669,206,158.656
9670,206,159.415
9671,206,158.564
9672,125,502.8
9673,125,503.2
9674,188,169.765
9675,125,502.4
9676,72,289.962
9677,77,308.987
9678,122,489.6
9679,135,541.2
9680,134,538.4
9681,77,306.65
9682,134,537.6
9683,227,195.68
9684,134,538.4
9685,135,540.4
9686,128,513.2
9687,150,602.8
9688,140,563.6
9689,150,603.2
9690,122,491.6
9691,116,465.6
9692,136,547.6
9693,112,450.4
9694,110,442
9695,133,535.6
9696,56,211.965
9697,135,542
9698,133,534.4
9699,134,537.2
9700,126,505.2
9701,115,461.2
9702,115,462
9703,129,517.2
9704,117,468.4
9705,129,516.4
9706,75,300
9707,114,456
9708,103,415.6
9709,119,478
9710,110,442
9711,110,443.6
9714,24,98
9716,22,88
9717,19,78.184
9720,187,742.039
9721,141,565.2
9722,65,261.149
9723,65,262.215
9724,126,505.6
9725,127,509.2
9726,73,293.524
9727,87,345.49
9728,60,241.748
9729,85,340.4
9730,121,486.8
9731,123,494
9732,123,492.8
9733,66,265.879
9734,123,492.8
9735,123,494
9736,66,264.8
9737,86,344.083
9738,130,522
9739,66,265.759
9741,117,468
9742,63,252.975
9743,83,333.6
9745,62,248.467
9746,69,278.8
9747,75,300.598
9748,108,435.6
9749,108,435.6
9750,69,277.2
9751,59,239.287
9752,59,238.012
9753,77,285.627
9754,64,257.6
9755,43,172
9756,68,273.466
9757,180,154.695
9758,62,249.713
9759,60,241.28
9760,57,230.4
9761,27,109.451
9762,70,281.19
9764,135,540.8
9765,129,517.2
9766,73,293.6
9767,107,429.2
9770,61,245.757
9771,66,263.085
9772,44,178.8
9774,216,164.474
9775,81,9.38
9776,202,140.859
9777,25,101.17
9778,131,526
9779,203,163.141
9780,143,572
9781,127,509.2
9782,117,468
9783,79,318.8
9784,23,92.4
9785,61,247.076
9786,196,163.797
9787,206,141.744
9788,206,141.542
9790,60,241.365
9791,178,149.079
9792,42,171.6
9793,168,66.5
9794,164,83.022
9795,64,257.6
9796,65,261.081
9797,64,257.6
9798,168,66.312
9799,64,257.6
9800,55,222
9801,55,222.4
9802,55,220
9803,59,239.6
9804,59,239.6
9805,57,230
9806,57,229.6
9807,109,436.8
9808,74,298.4
9809,74,298
9810,116,466.8
9811,113,454.4
9812,128,514.4
9813,112,451.6
9814,102,408.8
9815,90,357.922
9816,83,335.2
9817,80,322
9818,116,466.4
9819,68,272.8
9820,67,269.6
9821,81,327.2
9822,67,268.4
9823,224,178.749
9824,143,572
9825,143,572
9826,71,285.2
9827,144,576.8
9828,120,483.6
9829,74,296.51
9830,143,572
9831,70,281.6
9832,56,227.2
9833,135,540
9834,116,466.4
9835,124,498.8
9836,84,338.4
9837,134,539.2
9838,215,162.089
9839,74,297.447
9840,92,365.96
9841,69,277.528
9940,90,363.6
9976,130,273.688
9983,96,384.068
10002,60,240.8
10003,59,98.922
10015,89,357.2
10023,89,358
10024,92,370.8
10036,153,133.658
10037,119,477.2
10038,191,190.146
10039,191,192.867
10040,108,432.4
10041,97,390.4
10043,83,335.2
10045,37,150.4
10046,45,181.6
10048,89,357.2
10050,81,325.6
10051,179,178.923
10052,133,95.332
10053,38,152
10056,80,323.6
10058,58,232.8
10066,89,358.4
10091,105,420.4
10093,37,148.8
10094,86,344.8
10095,86,347.2
10102,77,310.4
10104,45,183.2
10105,70,282.8
10108,61,246
10109,76,307.2
10112,11,47.6
10113,114,456.4
10114,104,419.2
10115,104,419.2
10116,104,419.2
10121,48,195.6
10143,80,322
10144,93,374.8
10145,104,418.8
10149,54,219.2
10150,86,347.2
10151,81,325.2
10170,104,416.8
10174,84,338.8
10176,74,296
10177,70,281.2
10178,69,277.2
10189,116,467.6
10190,69,278.4
10192,115,338.484
10193,59,211.659
10194,128,387.293
10195,97,388
10196,91,365.6
10197,79,316.8
10198,112,448.4
10199,110,440
10200,158,509.675
10201,93,353.113
10202,53,215.6
10206,40,139.353
10208,55,220.8
10209,94,379.6
10213,86,347.2
10214,76,306.8
10215,67,271.6
10224,86,347.6
10225,111,446
10226,40,163.6
10227,114,456
10228,122,488
10230,107,429.6
10231,110,442
10233,81,327.2
10235,114,458.4
10237,74,291.529
10238,96,387.6
10242,90,360.4
10243,67,270.4
10246,76,305.2
10247,76,304.8
10249,121,486.4
10250,123,494.4
10251,202,236.152
10253,16,34.192
10255,123,495.2
10256,123,494.4
10259,195,205.561
10260,195,207.745
10261,152,119.366
10266,187,182.847
10267,118,472.4
10269,118,472.8
10270,110,443.2
10271,71,287.2
10272,75,301.2
10273,82,328.8
10274,71,286
10275,79,317.2
10288,86,345.2
10289,76,304.8
10323,133,535.6
10324,66,264
10325,66,266.8
10326,66,267.6
10327,66,267.2
10328,68,275.2
10339,72,290
10341,120,481.2
10344,96,387.2
10353,103,413.2
10355,59,237.6
10356,57,228.8
10357,63,254
10359,104,417.6
10360,81,324.8
10361,91,365.2
10362,214,216.026
10363,137,550
10364,52,211.6
10365,138,555.6
10366,100,353.796
10367,49,199.2
10371,79,317.2
10373,52,211.2
10374,63,252
10375,68,274
10378,56,226.8
10380,60,242.8
10381,64,258.8
10383,129,516.8
10384,105,422.8
10385,106,426
10387,51,207.6
10388,51,207.2
10389,73,292.8
10390,73,292.4
10391,82,328.8
10392,75,302.4
10393,81,324.8
10394,49,197.6
10395,50,200.8
10396,50,201.2
10397,80,323.2
10398,47,188.8
10399,95,381.6
10400,137,549.6
10402,137,551.6
10407,76,304.4
10408,80,323.2
10410,81,324
10411,80,321.2
10412,213,124.498
10413,101,404.8
10414,217,230.833
10415,213,45.222
10416,59,236
10417,124,496.4
10418,216,224.437
10419,212,206.444
10421,60,241.6
10422,72,291.2
10423,100,353.737
10425,119,478.8
10426,75,300.4
10429,88,354
10431,102,411.6
10432,97,391.2
10433,76,307.2
10434,74,296.8
10435,98,393.2
10436,132,531.6
10438,54,217.6
10439,54,219.2
10441,54,219.2
10443,44,178.4
10445,78,312
10446,36,6.037
10447,129,516.8
10448,86,344.4
10449,72,289.2
10450,64,256.4
10452,79,318.8
10453,80,320.4
10458,76,304
10459,58,234
10460,60,240.8
10461,82,330.8
10462,81,326.8
10463,83,335.6
10465,74,296.4
10467,199,166.84
10468,50,201.6
10469,75,303.6
10470,52,208
10471,38,2.003
10472,53,212.4
10473,52,211.2
10474,52,210
10475,52,210.4
10476,52,211.6
10477,52,210
10478,52,208
10479,52,208.4
10480,52,209.6
10481,119,479.2
10493,61,173.601
10499,81,327.6
10517,86,346.4
10518,142,570.4
10533,61,169.637
10534,62,161.609
10535,64,149.688
10536,64,150.006
10537,73,145.634
10538,69,150.401
10539,53,115.622
10540,58,152.423
10541,56,122.903
10548,134,537.2
10553,141,404.023
10563,84,193.233
10566,72,288
10585,139,556.8
10586,76,305.2
10588,82,329.2
10589,124,498.8
10590,125,501.6
10591,130,520.4
10592,120,481.2
10593,183,307.921
10594,142,349.394
10595,90,211.709
10596,89,204.006
10597,73,164.007
10598,74,168.4
10599,75,169.601
10600,69,142.026
10601,63,152.082
10602,56,166
10603,197,405.654
10604,183,384.97
10605,151,352.407
10606,159,367.203
10607,102,224.536
10608,100,216.8
10609,80,172.881
10610,82,205.082
10611,102,261.391
10612,61,185.939
10615,143,574
10616,142,571.6
10618,61,156.903
10619,156,100.224
10620,71,285.6
10621,86,347.2
10622,82,194.092
10623,73,179.787
10625,159,372.117
10626,120,259.898
10628,101,260.058
10629,220,149.62
10630,144,577.2
10631,130,520
10632,225,251.683
10633,229,45.806
10634,200,453.677
10635,201,460.111
10636,215,48.641
10637,200,452.121
10638,137,548
10639,189,218.022
10640,206,229.224
10641,193,462.53
10643,141,566
10644,201,508.422
10645,140,562.4
10646,141,564
10647,231,269.238
10648,223,234.852
10649,56,226.4
10651,127,510.8
10652,221,232.034
10653,93,234.447
10654,98,242.019
10655,89,196.823
10656,102,257.6
10657,102,258
10658,72,290
10659,89,209.269
10662,133,345.999
10663,138,334.338
10665,137,550
10666,90,257.202
10667,70,142.4
10668,155,352.906
10670,56,225.2
10671,56,225.6
10672,56,225.2
10674,86,38.885
10675,93,54.901
10678,139,558.8
10679,129,516
10680,121,487.6
10681,138,552.4
10682,221,461.918
10684,141,566
10685,211,502.116
10686,229,45.944
10687,192,448.546
10689,59,150
10691,197,193.623
10693,135,321.223
10694,65,263.6
10695,128,513.6
10696,148,593.2
10697,99,399.6
10698,69,278.4
10700,117,471.6
10701,107,429.6
10702,69,279.6
10703,112,451.6
10710,111,444
10711,148,593.2
10712,148,594
10714,134,539.6
10716,147,589.6
10717,97,388.8
10718,351,90.146
10719,214,165.757
10720,148,593.2
10721,148,593.2
10722,52,210
10725,137,551.6
10726,137,551.6
10727,105,422.4
10728,691,531.139
10729,141,567.6
10730,130,522
10731,145,581.6
10732,148,593.6
10741,131,524.8
10743,139,558.4
10744,91,70.064
10746,142,568
10747,148,592.4
10748,138,555.2
10754,62,249.2
10755,126,507.6
10756,140,561.6
10757,59,238
10760,53,213.2
10761,118,472.8
10762,90,363.6
10763,107,428
10764,120,483.2
10765,19,3.983
10766,212,43.221
10767,243,49.398
10769,86,344
10770,86,346.8
10771,115,461.6
10772,105,423.6
10773,235,47.772
10778,102,411.6
10780,60,241.6
10781,87,350
10782,65,261.2
10783,93,372
10784,66,265.2
10787,102,409.6
10788,108,389.56
10789,128,512.4
10790,129,516.4
10792,153,397.38
10793,158,416.102
10794,68,274.4
10795,83,306.57
10796,131,524
10797,141,565.6
10798,134,537.6
10799,140,563.6
10802,138,552.4
10803,139,558.8
10804,67,270.8
10805,55,221.6
10806,68,273.6
10807,74,296.8
10808,146,586.4
10809,146,586.4
10810,125,501.6
10811,67,271.6
10812,146,586.8
10813,103,414
10814,143,574.4
10815,103,414
10816,154,617.6
10817,79,317.6
10826,131,524.8
10827,124,498.8
10828,144,577.6
10829,146,586.4
10830,141,565.2
10832,73,293.2
10850,136,545.2
10853,79,318
10855,74,296.4
10856,135,540
10857,136,547.6
10861,133,535.2
10862,144,576.8
10865,85,340.4
10866,75,301.6
10867,108,432.4
10868,46,185.2
10872,68,273.2
10876,89,356
10877,66,267.6
10878,76,304.4
10880,108,432
10881,103,414.8
10882,77,310
10883,59,237.6
10885,122,491.6
10886,74,298
10887,122,488
10897,68,275.6
10898,54,217.6
10901,86,346.8
10902,74,297.2
10903,73,295.6
10904,80,323.2
10911,85,343.6
10912,129,519.6
10914,79,316.8
10915,112,450.8
10916,84,336
10917,152,80.189
10918,85,342
10919,60,240.8
10920,77,309.6
10921,44,177.2
10928,131,61.344
10929,125,500.4
10930,75,303.6
10932,58,235.2
10933,68,275.2
10934,65,262
10935,103,413.6
10936,152,65.774
10943,101,405.2
10944,101,406
10945,153,61.04
10946,76,304
10947,119,179.315
10949,110,443.2
10950,47,190.8
10951,76,307.2
10952,78,313.2
10953,75,302.4
10954,102,409.2
10955,84,336
10956,91,365.2
10977,167,235.656
11003,77,34.055
11004,67,271.2
11005,60,119.714
11051,52,210.8
11053,51,204.4
11056,50,202.8
11057,50,202.4
11058,51,204
11067,7,28.4
11068,56,225.6
11069,67,270.8
11100,76,306
11104,59,238.4
11105,110,441.6
11108,90,360.8
11109,76,306.8
11110,95,380.4
11111,134,537.6
11112,135,543.2
11116,58,232.4
11120,62,249.6
11121,58,232
11122,55,220.8
11123,55,221.2
11124,56,227.6
11126,58,232.8
11128,56,224
11129,64,257.2
11131,85,342.8
11132,77,308.8
11133,129,516.4
11134,58,234
11135,58,234
11136,59,236
11137,58,234.8
11138,123,493.2
11139,61,244.8
11140,64,259.2
11141,70,280.8
11150,73,294.4
11153,56,227.6
11154,104,39.939
11156,64,258
11161,48,192.4
11164,55,222.8
11165,122,490
11166,142,65.777
11168,100,366.863
11169,63,252.8
11170,68,272.8
11172,49,196.8
11173,52,209.6
11174,55,220.8
11177,63,254.4
11178,72,289.2
11180,119,477.2
11181,119,479.2
11182,123,493.6
11183,123,493.6
11184,129,519.6
11185,133,534.8
11186,134,538
11187,128,515.2
11188,131,524
11189,127,510
11191,130,522.8
11193,7,28.8
11197,139,557.6
11199,125,502.8
11201,130,523.2
11204,55,222
11206,134,538.4
11212,57,230
11213,57,229.6
11214,80,323.2
11215,111,447.2
11216,61,245.2
11217,88,354
11218,62,245.401
11220,42,169.2
11221,61,246.4
11222,77,310.4
11223,49,196.8
11229,220,208.857
11231,77,310
11232,111,157.563
11237,65,262
11244,101,404.8
11246,63,254
11247,204,154.038
11249,55,220.8
11250,55,223.2
11251,66,264.4
11252,51,206.8
11253,61,247.2
11254,64,258
11255,51,206.4
11256,62,248.4
11257,63,252.8
11258,47,188.4
11259,62,250.4
11266,58,233.6
11279,60,243.2
11280,138,554.8
11282,126,504
11283,127,510.4
11284,134,537.2
11332,55,222.8
11333,67,269.2
11338,57,230.4
11344,81,326.8
11345,60,242
11346,61,245.6
