HRUID,WR_Count
1,1
2,0
3,0
4,0
5,0
6,0
7,0
8,0
9,0
10,0
11,0
12,2
13,0
14,0
15,0
16,0
17,0
18,0
19,1
20,0
21,0
22,1
23,2
24,0
25,0
26,0
27,0
28,0
29,0
30,0
31,0
32,0
33,0
34,0
35,0
36,0
37,0
38,0
39,0
40,0
41,0
42,0
43,0
44,0
45,0
46,0
47,0
48,0
49,0
50,0
51,0
52,0
53,0
54,0
55,0
56,3
57,1
58,1
59,0
60,0
61,0
62,1
63,0
64,0
65,0
66,0
67,1
68,0
69,1
70,1
71,0
72,1
73,1
74,1
75,0
76,0
77,0
78,2
79,1
80,0
81,0
82,0
83,0
84,0
85,0
86,0
87,0
88,0
89,0
90,0
91,0
92,0
93,0
94,0
95,0
96,1
97,1
98,1
99,1
100,2
101,1
102,1
103,1
104,1
105,1
106,1
107,1
108,1
109,1
110,0
111,1
112,1
113,3
114,0
115,1
116,1
117,0
118,1
119,1
120,2
121,1
122,1
123,1
124,1
125,1
126,1
127,1
128,1
129,2
130,0
131,1
132,2
133,1
134,2
135,1
136,1
137,1
138,3
139,3
140,3
141,1
142,1
143,1
144,1
145,1
146,0
147,0
148,1
149,1
150,1
151,2
152,0
153,0
154,0
155,0
156,0
157,0
158,0
159,0
160,0
161,0
162,0
163,0
164,0
165,0
166,0
167,0
168,0
169,0
170,0
171,0
172,0
173,0
174,0
175,0
176,0
177,0
178,0
179,0
180,0
181,0
182,0
183,0
184,0
185,0
186,0
187,0
188,0
189,0
190,0
191,0
192,0
193,0
194,0
195,0
196,0
197,0
198,0
199,0
200,0
201,0
202,0
203,0
204,0
205,0
206,0
207,0
208,0
209,0
210,0
211,0
212,0
213,0
214,0
215,0
216,1
217,0
218,0
219,1
220,0
221,0
222,0
223,0
224,0
225,3
226,4
227,0
228,4
229,4
230,4
231,5
232,3
233,3
234,0
235,4
236,4
237,5
238,4
239,5
240,5
241,6
242,3
243,3
244,4
245,5
246,6
247,7
248,3
249,3
250,3
251,3
252,3
253,3
254,4
255,4
256,0
257,0
258,0
259,0
260,0
261,0
262,0
263,0
264,0
265,0
266,1
267,1
268,1
269,1
270,1
271,1
272,1
273,1
274,1
275,1
276,1
277,1
278,1
279,1
280,1
281,0
282,0
283,0
284,0
285,0
286,0
287,0
288,0
289,0
290,2
291,0
292,0
293,0
294,0
295,0
296,0
297,0
298,0
299,0
300,0
301,0
302,0
303,1
304,2
305,2
306,1
307,1
308,1
309,1
310,1
311,1
312,0
313,0
314,0
315,0
316,0
317,1
318,0
319,0
320,0
321,0
322,0
323,0
324,1
325,2
326,1
327,0
328,1
329,1
330,1
331,1
332,1
333,1
334,1
335,1
336,1
337,1
338,1
339,1
340,1
341,0
342,1
343,0
344,1
345,1
346,0
347,0
348,1
349,1
350,1
351,3
352,0
353,0
354,0
355,0
356,1
357,0
358,0
359,0
360,0
361,0
362,0
363,0
364,0
365,0
366,0
367,0
368,0
369,0
370,0
371,1
372,2
373,1
374,0
375,0
376,0
377,0
378,0
379,0
380,0
381,0
382,0
383,0
384,0
385,0
386,0
387,0
388,0
389,2
390,2
391,2
392,2
393,2
394,2
395,1
396,0
397,0
398,0
399,0
400,0
401,0
402,0
403,1
404,1
405,1
406,1
407,0
408,0
409,0
410,0
411,0
412,2
413,0
414,0
415,0
416,1
417,2
418,1
419,1
420,0
421,0
422,0
423,0
424,0
425,0
426,0
427,1
428,1
429,1
430,1
431,0
432,0
433,0
434,0
435,0
436,0
437,0
438,0
439,0
440,0
441,0
442,0
443,0
444,0
445,0
446,0
447,0
448,0
449,0
450,0
451,0
452,0
453,0
454,0
455,0
456,0
457,0
458,0
459,0
460,0
461,0
462,0
463,0
464,0
465,0
466,0
467,0
468,0
469,0
470,0
471,0
472,0
473,0
474,0
475,0
476,0
477,0
478,0
479,0
480,0
481,0
482,0
483,0
484,0
485,1
486,0
487,0
488,0
489,1
490,1
491,0
492,1
493,0
494,0
495,0
496,0
497,0
498,0
499,0
500,1
501,1
502,0
503,1
504,0
505,0
506,0
507,0
508,0
509,0
510,0
511,0
512,0
513,0
514,0
515,0
516,0
517,0
518,0
519,0
520,1
521,1
522,1
523,0
524,0
525,0
526,0
527,0
528,0
529,0
530,0
531,0
532,0
533,0
534,0
535,0
536,0
537,0
538,0
539,0
540,0
541,0
542,0
543,0
544,0
545,0
546,0
547,0
548,1
549,1
550,1
551,4
552,3
553,0
554,0
555,0
556,0
557,0
558,0
559,0
560,0
561,1
562,4
563,3
564,0
565,0
566,0
567,0
568,0
569,0
570,0
571,0
572,0
573,0
574,0
575,0
576,0
577,0
578,0
579,0
580,0
581,0
582,1
583,0
584,0
585,0
586,0
587,0
588,0
589,0
590,0
591,0
592,0
593,0
594,0
595,0
596,0
597,0
598,0
599,0
600,0
601,0
602,0
603,0
604,0
605,0
606,0
607,0
608,0
609,0
610,0
611,0
612,0
613,0
614,0
615,0
616,0
617,1
618,0
619,0
620,0
621,1
622,1
623,0
624,0
625,0
626,0
627,0
628,0
629,0
630,0
631,0
632,0
633,0
634,0
635,0
636,1
637,0
638,0
639,1
640,0
641,1
642,0
643,0
644,0
645,0
646,0
647,0
648,0
649,0
650,0
651,0
652,0
653,0
654,0
655,0
656,0
657,0
658,0
659,0
660,0
661,0
662,0
663,0
664,0
665,0
666,0
667,0
668,0
669,0
670,0
671,0
672,0
673,0
674,0
675,0
676,0
677,0
678,0
679,0
680,0
681,0
682,0
683,0
684,0
685,0
686,0
687,0
688,0
689,0
690,0
691,0
692,0
693,0
694,0
695,0
696,2
697,2
698,0
699,0
700,1
701,0
702,0
703,0
704,0
705,0
706,0
707,0
708,0
709,0
710,0
711,0
712,0
713,0
714,4
715,1
716,0
717,0
718,0
719,0
720,0
721,0
722,0
723,4
724,1
725,0
726,0
727,3
728,2
729,4
730,2
731,1
732,1
733,4
734,4
735,4
736,4
737,4
738,4
739,4
740,4
741,2
742,0
743,1
744,1
745,4
746,4
747,4
748,0
749,0
750,0
751,1
752,2
753,2
754,3
755,2
756,2
757,2
758,2
759,2
760,2
761,2
762,3
763,2
764,3
765,5
766,2
767,2
768,2
769,2
770,2
771,2
772,2
773,2
774,2
775,2
776,2
777,2
778,2
779,2
780,2
781,2
782,0
783,2
784,0
785,0
786,2
787,1
788,2
789,0
790,0
791,0
792,0
793,0
794,0
795,0
796,0
797,0
798,0
799,0
800,0
801,0
802,0
803,1
804,1
805,1
806,1
807,1
808,0
809,0
810,0
811,0
812,0
813,1
814,1
815,1
816,1
817,1
818,1
819,1
820,1
821,1
822,1
823,1
824,1
825,1
826,1
827,1
828,1
829,1
830,1
831,1
832,1
833,1
834,1
835,1
836,1
837,1
838,1
839,1
840,1
841,1
842,1
843,1
844,2
845,1
846,1
847,1
848,1
849,1
850,1
851,1
852,1
853,1
854,2
855,1
856,2
857,2
858,1
859,1
860,1
861,1
862,0
863,0
864,0
865,0
866,1
867,1
868,1
869,0
870,2
871,0
872,0
873,0
874,0
875,0
876,0
877,0
878,0
879,0
880,1
881,2
882,1
883,2
884,2
885,3
886,2
887,0
888,0
889,0
890,2
891,1
892,0
893,2
894,2
895,2
896,2
897,1
898,2
899,2
900,2
901,2
902,2
903,2
904,2
905,2
906,2
907,2
908,2
909,1
910,1
911,0
912,0
913,0
914,0
915,0
916,0
917,2
918,2
919,2
920,2
921,2
922,2
923,2
924,2
925,1
926,2
927,0
928,0
929,0
930,0
931,0
932,0
933,0
934,0
935,0
936,0
937,0
938,0
939,0
940,0
941,0
942,0
943,0
944,2
945,0
946,1
947,0
948,0
949,0
950,0
951,1
952,1
953,1
954,1
955,1
956,1
957,1
958,0
959,0
960,0
961,0
962,0
963,0
964,1
965,0
966,0
967,0
968,0
969,0
970,1
971,1
972,1
973,1
974,1
975,1
976,1
977,1
978,1
979,1
980,1
981,1
982,0
983,0
984,0
985,1
986,2
987,0
988,1
989,2
990,1
991,1
992,2
993,0
994,0
995,0
996,0
997,0
998,0
999,0
1000,0
1001,0
1002,2
1003,0
1004,1
1005,1
1006,1
1007,1
1008,1
1009,1
1010,0
1011,0
1012,0
1013,0
1014,0
1015,0
1016,0
1017,0
1018,0
1019,0
1020,0
1021,0
1022,0
1023,1
1024,1
1025,1
1026,1
1027,1
1028,0
1029,1
1030,1
1031,1
1032,1
1033,0
1034,0
1035,0
1036,2
1037,2
1038,2
1039,2
1040,2
1041,1
1042,1
1043,2
1044,1
1045,1
1046,1
1047,1
1048,0
1049,0
1050,0
1051,0
1052,0
1053,0
1054,0
1055,1
1056,0
1057,0
1058,0
1059,0
1060,1
1061,1
1062,1
1063,1
1064,1
1065,2
1066,0
1067,0
1068,0
1069,2
1070,2
1071,2
1072,2
1073,1
1074,1
1075,0
1076,1
1077,1
1078,2
1079,2
1080,0
1081,2
1082,1
1083,0
1084,0
1085,0
1086,1
1087,1
1088,0
1089,0
1090,0
1091,0
1092,0
1093,0
1094,0
1095,1
1096,1
1097,0
1098,1
1099,1
1100,1
1101,1
1102,1
1103,1
1104,1
1105,0
1106,0
1107,0
1108,0
1109,0
1110,1
1111,2
1112,1
1113,1
1114,0
1115,0
1116,0
1117,0
1118,0
1119,0
1120,0
1121,0
1122,0
1123,0
1124,0
1125,0
1126,0
1127,1
1128,0
1129,2
1130,2
1131,1
1132,2
1133,2
1134,1
1135,0
1136,0
1137,0
1138,0
1139,0
1140,0
1141,0
1142,0
1143,0
1144,0
1145,0
1146,0
1147,0
1148,1
1149,0
1150,0
1151,0
1152,0
1153,0
1154,0
1155,2
1156,1
1157,2
1158,2
1159,2
1160,2
1161,2
1162,0
1163,0
1164,1
1165,1
1166,1
1167,0
1168,0
1169,0
1170,0
1171,0
1172,0
1173,0
1174,0
1175,0
1176,0
1177,1
1178,1
1179,1
1180,0
1181,1
1182,0
1183,1
1184,1
1185,1
1186,1
1187,1
1188,1
1189,0
1190,2
1191,1
1192,1
1193,1
1194,1
1195,1
1196,1
1197,0
1198,0
1199,0
1200,0
1201,0
1202,0
1203,0
1204,0
1205,0
1206,0
1207,0
1208,0
1209,0
1210,0
1211,0
1212,0
1213,0
1214,0
1215,0
1216,0
1217,0
1218,0
1219,0
1220,0
1221,0
1222,0
1223,0
1224,0
1225,0
1226,0
1227,0
1228,0
1229,0
1230,1
1231,1
1232,0
1233,0
1234,0
1235,0
1236,0
1237,0
1238,0
1239,0
1240,0
1241,0
1242,0
1243,0
1244,0
1245,0
1246,0
1247,0
1248,0
1249,0
1250,0
1251,0
1252,0
1253,0
1254,0
1255,0
1256,0
1257,2
1258,2
1259,0
1260,0
1261,0
1262,0
1263,0
1264,0
1265,0
1266,0
1267,0
1268,1
1269,0
1270,0
1271,0
1272,0
1273,0
1274,0
1275,0
1276,0
1277,0
1278,2
1279,1
1280,1
1281,1
1282,0
1283,0
1284,0
1285,0
1286,0
1287,0
1288,0
1289,0
1290,0
1291,0
1292,0
1293,0
1294,0
1295,0
1296,0
1297,0
1298,0
1299,0
1300,2
1301,1
1302,2
1303,2
1304,1
1305,1
1306,0
1307,0
1308,0
1309,0
1310,0
1311,1
1312,0
1313,0
1314,0
1315,0
1316,0
1317,0
1318,0
1319,0
1320,1
1321,1
1322,2
1323,0
1324,0
1325,2
1326,1
1327,0
1328,1
1329,1
1330,0
1331,2
1332,2
1333,2
1334,2
1335,3
1336,0
1337,0
1338,2
1339,2
1340,1
1341,0
1342,0
1343,0
1344,0
1345,0
1346,0
1347,0
1348,0
1349,0
1350,0
1351,0
1352,0
1353,0
1354,0
1355,0
1356,0
1357,2
1358,2
1359,0
1360,0
1361,2
1362,2
1363,1
1364,0
1365,0
1366,0
1367,0
1368,0
1369,0
1370,0
1371,0
1372,0
1373,0
1374,0
1375,0
1376,0
1377,0
1378,0
1379,0
1380,0
1381,0
1382,0
1383,0
1384,0
1385,0
1386,0
1387,0
1388,0
1389,0
1390,0
1391,0
1392,0
1393,0
1394,1
1395,0
1396,0
1397,0
1398,0
1399,0
1400,0
1401,0
1402,0
1403,0
1404,0
1405,0
1406,0
1407,0
1408,0
1409,0
1410,0
1411,0
1412,0
1413,0
1414,0
1415,0
1416,0
1417,0
1418,0
1419,0
1420,0
1421,0
1422,0
1423,0
1424,1
1425,0
1426,0
1427,0
1428,0
1429,0
1430,0
1431,0
1432,0
1433,0
1434,0
1435,0
1436,1
1437,2
1438,1
1439,0
1440,1
1441,1
1442,2
1443,1
1444,2
1445,2
1446,2
1447,2
1448,2
1449,0
1450,0
1451,0
1452,0
1453,0
1454,0
1455,2
1456,1
1457,1
1458,1
1459,1
1460,1
1461,0
1462,0
1463,1
1464,0
1465,1
1466,1
1467,1
1468,2
1469,2
1470,2
1471,2
1472,2
1473,0
1474,0
1475,0
1476,0
1477,1
1478,1
1479,1
1480,1
1481,1
1482,1
1483,1
1484,1
1485,1
1486,1
1487,1
1488,1
1489,1
1490,1
1491,1
1492,1
1493,1
1494,0
1495,0
1496,0
1497,0
1498,1
1499,1
1500,1
1501,2
1502,2
1503,2
1504,3
1505,0
1506,2
1507,2
1508,0
1509,1
1510,1
1511,1
1512,1
1513,1
1514,2
1515,1
1516,3
1517,3
1518,0
1519,0
1520,0
1521,0
1522,0
1523,0
1524,0
1525,0
1526,0
1527,0
1528,0
1529,0
1530,0
1531,0
1532,0
1533,0
1534,0
1535,1
1536,0
1537,0
1538,0
1539,0
1540,0
1541,0
1542,0
1543,0
1544,0
1545,0
1546,0
1547,0
1548,1
1549,1
1550,2
1551,2
1552,1
1553,1
1554,0
1555,1
1556,0
1557,0
1558,0
1559,0
1560,0
1561,0
1562,0
1563,0
1564,0
1565,0
1566,0
1567,0
1568,1
1569,0
1570,1
1571,1
1572,0
1573,0
1574,0
1575,0
1576,0
1577,0
1578,0
1579,1
1580,1
1581,1
1582,1
1583,1
1584,1
1585,1
1586,1
1587,1
1588,1
1589,1
1590,0
1591,0
1592,0
1593,0
1594,0
1595,0
1596,0
1597,0
1598,0
1599,0
1600,0
1601,1
1602,1
1603,2
1604,2
1605,0
1606,0
1607,0
1608,0
1609,0
1610,0
1611,1
1612,2
1613,0
1614,0
1615,0
1616,2
1617,2
1618,2
1619,2
1620,2
1621,2
1622,2
1623,2
1624,2
1625,2
1626,2
1627,2
1628,0
1629,0
1630,0
1631,0
1632,0
1633,0
1634,1
1635,1
1636,0
1637,1
1638,2
1639,0
1640,1
1641,1
1642,0
1643,0
1644,0
1645,0
1646,0
1647,0
1648,0
1649,0
1650,0
1651,0
1652,1
1653,1
1654,0
1655,0
1656,0
1657,1
1658,2
1659,1
1660,0
1661,1
1662,1
1663,1
1664,1
1665,1
1666,1
1667,0
1668,0
1669,2
1670,2
1671,2
1672,2
1673,0
1674,0
1675,0
1676,0
1677,0
1678,0
1679,0
1680,0
1681,0
1682,0
1683,0
1684,0
1685,0
1686,0
1687,0
1688,0
1689,0
1690,0
1691,0
1692,1
1693,0
1694,0
1695,1
1696,1
1697,1
1698,2
1699,0
1700,1
1701,0
1702,1
1703,2
1704,1
1705,0
1706,0
1707,0
1708,0
1709,0
1710,0
1711,0
1712,0
1713,0
1714,0
1715,0
1716,0
1717,0
1718,0
1719,0
1720,1
1721,1
1722,2
1723,0
1724,0
1725,0
1726,0
1727,0
1728,0
1729,0
1730,0
1731,0
1732,0
1733,1
1734,1
1735,1
1736,1
1737,2
1738,2
1739,2
1740,2
1741,2
1742,2
1743,0
1744,0
1745,0
1746,0
1747,0
1748,0
1749,0
1750,0
1751,0
1752,0
1753,1
1754,0
1755,1
1756,0
1757,0
1758,0
1759,0
1760,0
1761,0
1762,0
1763,0
1764,0
1765,0
1766,0
1767,0
1768,0
1769,0
1770,0
1771,0
1772,0
1773,1
1774,1
1775,3
1776,1
1777,0
1778,1
1779,1
1780,1
1781,1
1782,1
1783,1
1784,1
1785,1
1786,1
1787,1
1788,1
1789,0
1790,0
1791,0
1792,0
1793,0
1794,2
1795,2
1796,2
1797,2
1798,2
1799,2
1800,2
1801,2
1802,2
1803,1
1804,1
1805,1
1806,2
1807,0
1808,1
1809,2
1810,0
1811,2
1812,2
1813,0
1814,0
1815,0
1816,0
1817,0
1818,1
1819,1
1820,2
1821,1
1822,1
1823,1
1824,1
1825,1
1826,2
1827,2
1828,2
1829,2
1830,2
1831,0
1832,0
1833,0
1834,0
1835,0
1836,0
1837,0
1838,0
1839,0
1840,0
1841,0
1842,0
1843,0
1844,0
1845,1
1846,0
1847,0
1848,0
1849,0
1850,0
1851,0
1852,0
1853,1
1854,0
1855,0
1856,0
1857,0
1858,1
1859,0
1860,0
1861,0
1862,0
1863,0
1864,0
1865,0
1866,0
1867,0
1868,0
1869,0
1870,0
1871,0
1872,0
1873,0
1874,0
1875,0
1876,0
1877,0
1878,0
1879,0
1880,0
1881,0
1882,0
1883,0
1884,0
1885,0
1886,0
1887,0
1888,0
1889,0
1890,0
1891,0
1892,0
1893,0
1894,0
1895,0
1896,0
1897,0
1898,0
1899,0
1900,0
1901,0
1902,0
1903,0
1904,0
1905,0
1906,0
1907,0
1908,0
1909,1
1910,0
1911,0
1912,0
1913,0
1914,0
1915,0
1916,0
1917,1
1918,1
1919,1
1920,2
1921,2
1922,1
1923,1
1924,0
1925,0
1926,0
1927,1
1928,0
1929,0
1930,0
1931,0
1932,0
1933,0
1934,0
1935,0
1936,0
1937,0
1938,0
1939,1
1940,1
1941,0
1942,1
1943,0
1944,0
1945,1
1946,1
1947,1
1948,1
1949,0
1950,1
1951,1
1952,0
1953,1
1954,1
1955,0
1956,0
1957,0
1958,0
1959,0
1960,0
1961,0
1962,0
1963,0
1964,1
1965,0
1966,0
1967,0
1968,0
1969,0
1970,0
1971,1
1972,1
1973,0
1974,1
1975,0
1976,1
1977,1
1978,0
1979,0
1980,1
1981,1
1982,0
1983,1
1984,0
1985,1
1986,0
1987,1
1988,1
1989,0
1990,1
1991,1
1992,2
1993,1
1994,0
1995,1
1996,2
1997,0
1998,1
1999,1
2000,2
2001,2
2002,2
2003,3
2004,0
2005,1
2006,2
2007,1
2008,2
2009,2
2010,0
2011,0
2012,0
2013,0
2014,1
2015,0
2016,1
2017,0
2018,1
2019,0
2020,1
2021,1
2022,1
2023,2
2024,2
2025,0
2026,1
2027,1
2028,0
2029,1
2030,1
2031,0
2032,0
2033,0
2034,0
2035,0
2036,1
2037,1
2038,1
2039,1
2040,1
2041,1
2042,0
2043,1
2044,0
2045,0
2046,1
2047,0
2048,1
2049,1
2050,0
2051,1
2052,0
2053,0
2054,1
2055,0
2056,0
2057,1
2058,0
2059,1
2060,2
2061,1
2062,2
2063,2
2064,3
2065,1
2066,1
2067,1
2068,1
2069,1
2070,1
2071,1
2072,0
2073,0
2074,0
2075,0
2076,0
2077,1
2078,1
2079,1
2080,1
2081,1
2082,0
2083,0
2084,0
2085,0
2086,0
2087,0
2088,0
2089,0
2090,0
2091,0
2092,0
2093,0
2094,0
2095,0
2096,0
2097,0
2098,0
2099,0
2100,0
2101,1
2102,1
2103,2
2104,2
2105,2
2106,0
2107,1
2108,0
2109,0
2110,0
2111,0
2112,0
2113,0
2114,0
2115,0
2116,0
2117,0
2118,0
2119,1
2120,3
2121,3
2122,2
2123,2
2124,2
2125,2
2126,0
2127,0
2128,0
2129,0
2130,0
2131,0
2132,0
2133,0
2134,0
2135,0
2136,0
2137,2
2138,2
2139,0
2140,0
2141,0
2142,0
2143,0
2144,0
2145,0
2146,0
2147,0
2148,1
2149,2
2150,2
2151,2
2152,2
2153,2
2154,2
2155,2
2156,2
2157,2
2158,2
2159,2
2160,2
2161,2
2162,3
2163,1
2164,1
2165,1
2166,1
2167,1
2168,1
2169,1
2170,1
2171,1
2172,0
2173,0
2174,0
2175,0
2176,0
2177,0
2178,0
2179,2
2180,2
2181,3
2182,2
2183,3
2184,2
2185,1
2186,2
2187,0
2188,1
2189,1
2190,2
2191,2
2192,2
2193,2
2194,1
2195,2
2196,2
2197,1
2198,3
2199,3
2200,3
2201,3
2202,0
2203,0
2204,0
2205,0
2206,0
2207,0
2208,0
2209,0
2210,0
2211,0
2212,0
2213,0
2214,0
2215,0
2216,0
2217,0
2218,0
2219,0
2220,0
2221,0
2222,0
2223,0
2224,0
2225,0
2226,0
2227,0
2228,0
2229,0
2230,0
2231,0
2232,0
2233,0
2234,0
2235,0
2236,0
2237,0
2238,1
2239,0
2240,0
2241,0
2242,0
2243,0
2244,0
2245,0
2246,0
2247,0
2248,0
2249,0
2250,0
2251,0
2252,0
2253,0
2254,0
2255,0
2256,0
2257,0
2258,0
2259,0
2260,0
2261,0
2262,0
2263,0
2264,0
2265,0
2266,0
2267,0
2268,0
2269,0
2270,1
2271,1
2272,1
2273,0
2274,0
2275,0
2276,0
2277,0
2278,0
2279,0
2280,0
2281,0
2282,0
2283,0
2284,0
2285,0
2286,0
2287,0
2288,0
2289,0
2290,0
2291,0
2292,0
2293,0
2294,0
2295,0
2296,0
2297,0
2298,0
2299,0
2300,0
2301,0
2302,0
2303,0
2304,0
2305,0
2306,0
2307,1
2308,1
2309,1
2310,1
2311,1
2312,1
2313,1
2314,1
2315,1
2316,1
2317,1
2318,1
2319,1
2320,1
2321,1
2322,1
2323,0
2324,0
2325,0
2326,0
2327,0
2328,0
2329,0
2330,0
2331,0
2332,0
2333,0
2334,0
2335,0
2336,0
2337,0
2338,0
2339,0
2340,0
2341,0
2342,0
2343,0
2344,0
2345,2
2346,2
2347,2
2348,2
2349,1
2350,1
2351,0
2352,1
2353,1
2354,1
2355,0
2356,0
2357,1
2358,0
2359,1
2360,0
2361,1
2362,0
2363,1
2364,1
2365,1
2366,1
2367,1
2368,1
2369,1
2370,1
2371,1
2372,1
2373,0
2374,0
2375,0
2376,1
2377,0
2378,0
2379,0
2380,0
2381,0
2382,0
2383,0
2384,0
2385,0
2386,0
2387,0
2388,0
2389,0
2390,0
2391,0
2392,0
2393,0
2394,0
2395,0
2396,0
2397,0
2398,0
2399,0
2400,0
2401,0
2402,0
2403,0
2404,0
2405,0
2406,0
2407,1
2408,0
2409,0
2410,0
2411,0
2412,0
2413,0
2414,0
2415,0
2416,0
2417,0
2418,1
2419,1
2420,1
2421,1
2422,0
2423,1
2424,1
2425,0
2426,0
2427,0
2428,0
2429,0
2430,0
2431,0
2432,1
2433,0
2434,0
2435,0
2436,0
2437,0
2438,1
2439,1
2440,1
2441,1
2442,0
2443,0
2444,1
2445,1
2446,1
2447,1
2448,0
2449,1
2450,0
2451,1
2452,1
2453,1
2454,2
2455,1
2456,0
2457,1
2458,1
2459,1
2460,0
2461,1
2462,0
2463,1
2464,0
2465,1
2466,0
2467,0
2468,0
2469,1
2470,2
2471,0
2472,1
2473,2
2474,3
2475,0
2476,0
2477,0
2478,1
2479,0
2480,2
2481,0
2482,1
2483,1
2484,1
2485,1
2486,0
2487,3
2488,0
2489,1
2490,1
2491,1
2492,0
2493,1
2494,1
2495,0
2496,0
2497,0
2498,0
2499,0
2500,0
2501,0
2502,0
2503,0
2504,0
2505,0
2506,0
2507,0
2508,0
2509,0
2510,1
2511,0
2512,1
2513,0
2514,0
2515,1
2516,2
2517,1
2518,0
2519,0
2520,0
2521,0
2522,0
2523,0
2524,0
2525,0
2526,0
2527,0
2528,0
2529,0
2530,0
2531,1
2532,2
2533,2
2534,2
2535,2
2536,2
2537,2
2538,2
2539,2
2540,2
2541,2
2542,3
2543,1
2544,0
2545,0
2546,0
2547,0
2548,0
2549,0
2550,0
2551,0
2552,0
2553,0
2554,0
2555,0
2556,2
2557,2
2558,2
2559,1
2560,0
2561,1
2562,0
2563,0
2564,0
2565,0
2566,0
2567,0
2568,0
2569,0
2570,0
2571,0
2572,2
2573,3
2574,1
2575,1
2576,2
2577,2
2578,2
2579,2
2580,2
2581,2
2582,2
2583,2
2584,2
2585,2
2586,2
2587,2
2588,2
2589,3
2590,0
2591,0
2592,0
2593,2
2594,1
2595,3
2596,3
2597,1
2598,1
2599,1
2600,0
2601,2
2602,2
2603,0
2604,0
2605,0
2606,1
2607,1
2608,1
2609,1
2610,1
2611,1
2612,1
2613,1
2614,2
2615,0
2616,0
2617,0
2618,3
2619,2
2620,0
2621,0
2622,0
2623,0
2624,0
2625,0
2626,1
2627,0
2628,2
2629,0
2630,0
2631,0
2632,0
2633,0
2634,0
2635,0
2636,0
2637,0
2638,0
2639,0
2640,0
2641,0
2642,0
2643,0
2644,0
2645,0
2646,0
2647,3
2648,1
2649,0
2650,1
2651,2
2652,2
2653,1
2654,2
2655,1
2656,0
2657,1
2658,1
2659,1
2660,1
2661,1
2662,1
2663,0
2664,2
2665,2
2666,0
2667,1
2668,3
2669,1
2670,2
2671,1
2672,2
2673,2
2674,0
2675,0
2676,0
2677,0
2678,0
2679,0
2680,0
2681,0
2682,0
2683,0
2684,0
2685,0
2686,0
2687,0
2688,0
2689,0
2690,0
2691,0
2692,0
2693,0
2694,0
2695,0
2696,0
2697,0
2698,0
2699,0
2700,0
2701,0
2702,0
2703,0
2704,0
2705,0
2706,0
2707,0
2708,0
2709,0
2710,0
2711,0
2712,0
2713,0
2714,1
2715,1
2716,1
2717,1
2718,0
2719,0
2720,0
2721,0
2722,0
2723,0
2724,0
2725,0
2726,0
2727,0
2728,0
2729,0
2730,0
2731,0
2732,0
2733,0
2734,0
2735,0
2736,0
2737,0
2738,0
2739,0
2740,0
2741,0
2742,0
2743,0
2744,0
2745,0
2746,0
2747,0
2748,0
2749,0
2750,0
2751,0
2752,0
2753,0
2754,0
2755,0
2756,0
2757,0
2758,0
2759,0
2760,0
2761,0
2762,0
2763,0
2764,0
2765,0
2766,0
2767,0
2768,0
2769,0
2770,0
2771,0
2772,0
2773,0
2774,0
2775,0
2776,0
2777,0
2778,0
2779,0
2780,0
2781,0
2782,0
2783,0
2784,0
2785,0
2786,0
2787,0
2788,0
2789,0
2790,0
2791,0
2792,0
2793,0
2794,0
2795,0
2796,0
2797,0
2798,0
2799,0
2800,2
2801,2
2802,2
2803,2
2804,2
2805,2
2806,2
2807,2
2808,2
2809,2
2810,0
2811,0
2812,0
2813,0
2814,0
2815,0
2816,0
2817,0
2818,0
2819,0
2820,0
2821,0
2822,0
2823,0
2824,0
2825,0
2826,0
2827,0
2828,0
2829,0
2830,0
2831,3
2832,0
2833,0
2834,0
2835,0
2836,0
2837,0
2838,0
2839,0
2840,0
2841,0
2842,0
2843,0
2844,0
2845,0
2846,0
2847,0
2848,0
2849,0
2850,0
2851,0
2852,0
2853,0
2854,0
2855,0
2856,0
2857,0
2858,0
2859,2
2860,2
2861,1
2862,1
2863,1
2864,1
2865,1
2866,1
2867,1
2868,1
2869,0
2870,1
2871,1
2872,1
2873,0
2874,0
2875,0
2876,0
2877,0
2878,0
2879,0
2880,1
2881,0
2882,0
2883,0
2884,0
2885,0
2886,0
2887,0
2888,0
2889,0
2890,0
2891,0
2892,0
2893,0
2894,0
2895,0
2896,0
2897,0
2898,0
2899,0
2900,0
2901,2
2902,0
2903,0
2904,0
2905,0
2906,0
2907,0
2908,0
2909,0
2910,0
2911,0
2912,0
2913,0
2914,0
2915,0
2916,0
2917,0
2918,0
2919,0
2920,0
2921,0
2922,0
2923,0
2924,0
2925,0
2926,0
2927,0
2928,0
2929,0
2930,0
2931,0
2932,0
2933,0
2934,0
2935,0
2936,0
2937,0
2938,0
2939,0
2940,2
2941,2
2942,2
2943,2
2944,0
2945,0
2946,0
2947,0
2948,0
2949,0
2950,0
2951,0
2952,0
2953,0
2954,1
2955,0
2956,1
2957,0
2958,0
2959,0
2960,0
2961,0
2962,0
2963,0
2964,0
2965,0
2966,0
2967,0
2968,0
2969,0
2970,0
2971,0
2972,0
2973,0
2974,0
2975,0
2976,0
2977,0
2978,0
2979,0
2980,0
2981,1
2982,1
2983,1
2984,0
2985,0
2986,0
2987,0
2988,0
2989,0
2990,0
2991,0
2992,0
2993,0
2994,0
2995,0
2996,0
2997,0
2998,0
2999,0
3000,0
3001,1
3002,0
3003,1
3004,0
3005,0
3006,0
3007,1
3008,0
3009,0
3010,0
3011,0
3012,1
3013,0
3014,0
3015,0
3016,0
3017,0
3018,0
3019,0
3020,0
3021,0
3022,0
3023,0
3024,0
3025,1
3026,0
3027,0
3028,0
3029,0
3030,1
3031,0
3032,0
3033,0
3034,1
3035,1
3036,0
3037,1
3038,0
3039,1
3040,0
3041,1
3042,1
3043,1
3044,0
3045,0
3046,0
3047,0
3048,0
3049,0
3050,0
3051,1
3052,0
3053,1
3054,0
3055,0
3056,0
3057,0
3058,1
3059,0
3060,0
3061,1
3062,1
3063,1
3064,1
3065,1
3066,1
3067,1
3068,1
3069,0
3070,0
3071,0
3072,0
3073,0
3074,0
3075,1
3076,1
3077,1
3078,0
3079,0
3080,1
3081,0
3082,0
3083,0
3084,0
3085,0
3086,0
3087,0
3088,0
3089,0
3090,0
3091,0
3092,0
3093,0
3094,0
3095,0
3096,0
3097,0
3098,0
3099,0
3100,0
3101,0
3102,0
3103,0
3104,0
3105,0
3106,0
3107,0
3108,0
3109,0
3110,1
3111,0
3112,0
3113,0
3114,0
3115,0
3116,0
3117,0
3118,0
3119,0
3120,0
3121,0
3122,0
3123,0
3124,0
3125,0
3126,0
3127,0
3128,0
3129,1
3130,1
3131,0
3132,1
3133,1
3134,1
3135,1
3136,1
3137,1
3138,0
3139,0
3140,0
3141,1
3142,1
3143,0
3144,1
3145,2
3146,0
3147,1
3148,0
3149,1
3150,0
3151,0
3152,1
3153,1
3154,1
3155,1
3156,1
3157,1
3158,1
3159,1
3160,1
3161,1
3162,1
3163,1
3164,1
3165,1
3166,1
3167,0
3168,0
3169,0
3170,0
3171,1
3172,0
3173,1
3174,1
3175,0
3176,1
3177,0
3178,0
3179,1
3180,1
3181,0
3182,1
3183,0
3184,1
3185,0
3186,1
3187,0
3188,1
3189,0
3190,1
3191,0
3192,1
3193,0
3194,0
3195,0
3196,1
3197,0
3198,1
3199,0
3200,1
3201,0
3202,1
3203,1
3204,0
3205,1
3206,1
3207,0
3208,0
3209,0
3210,0
3211,0
3212,0
3213,0
3214,0
3215,0
3216,0
3217,0
3218,0
3219,0
3220,0
3221,0
3222,0
3223,0
3224,0
3225,0
3226,0
3227,0
3228,0
3229,0
3230,0
3231,0
3232,0
3233,0
3234,0
3235,0
3236,0
3237,0
3238,0
3239,0
3240,0
3241,0
3242,0
3243,0
3244,0
3245,0
3246,0
3247,0
3248,0
3249,0
3250,0
3251,0
3252,0
3253,0
3254,0
3255,1
3256,0
3257,0
3258,0
3259,0
3260,0
3261,0
3262,1
3263,1
3264,0
3265,0
3266,0
3267,0
3268,0
3269,0
3270,0
3271,0
3272,0
3273,0
3274,0
3275,0
3276,0
3277,0
3278,0
3279,0
3280,0
3281,0
3282,0
3283,0
3284,0
3285,0
3286,0
3287,0
3288,0
3289,0
3290,0
3291,0
3292,0
3293,1
3294,0
3295,1
3296,1
3297,1
3298,0
3299,0
3300,0
3301,0
3302,0
3303,0
3304,0
3305,0
3306,0
3307,0
3308,0
3309,2
3310,0
3311,0
3312,1
3313,2
3314,1
3315,0
3316,0
3317,0
3318,0
3319,0
3320,0
3321,0
3322,0
3323,0
3324,1
3325,1
3326,1
3327,1
3328,1
3329,1
3330,1
3331,1
3332,1
3333,1
3334,1
3335,0
3336,0
3337,1
3338,1
3339,1
3340,0
3341,0
3342,0
3343,0
3344,1
3345,0
3346,1
3347,0
3348,1
3349,2
3350,1
3351,2
3352,0
3353,1
3354,1
3355,2
3356,2
3357,2
3358,1
3359,1
3360,1
3361,2
3362,0
3363,1
3364,0
3365,0
3366,0
3367,0
3368,0
3369,0
3370,0
3371,0
3372,0
3373,0
3374,0
3375,1
3376,1
3377,0
3378,1
3379,0
3380,0
3381,0
3382,0
3383,0
3384,0
3385,0
3386,1
3387,1
3388,1
3389,0
3390,0
3391,0
3392,0
3393,0
3394,0
3395,0
3396,0
3397,0
3398,0
3399,0
3400,0
3401,0
3402,0
3403,0
3404,0
3405,0
3406,1
3407,1
3408,1
3409,1
3410,1
3411,1
3412,0
3413,1
3414,1
3415,2
3416,2
3417,0
3418,0
3419,0
3420,0
3421,0
3422,0
3423,0
3424,0
3425,0
3426,0
3427,0
3428,0
3429,0
3430,0
3431,0
3432,0
3433,0
3434,0
3435,0
3436,1
3437,1
3438,0
3439,0
3440,0
3441,0
3442,0
3443,0
3444,0
3445,1
3446,1
3447,1
3448,1
3449,1
3450,2
3451,2
3452,0
3453,0
3454,0
3455,0
3456,0
3457,0
3458,1
3459,0
3460,0
3461,0
3462,0
3463,0
3464,0
3465,1
3466,0
3467,0
3468,0
3469,0
3470,0
3471,0
3472,0
3473,0
3474,0
3475,0
3476,0
3477,1
3478,1
3479,1
3480,1
3481,1
3482,1
3483,2
3484,0
3485,0
3486,0
3487,0
3488,0
3489,0
3490,0
3491,0
3492,0
3493,5
3494,1
3495,1
3496,0
3497,0
3498,0
3499,0
3500,0
3501,0
3502,0
3503,0
3504,0
3505,0
3506,0
3507,0
3508,0
3509,0
3510,1
3511,3
3512,1
3513,2
3514,3
3515,5
3516,0
3517,0
3518,0
3519,0
3520,0
3521,0
3522,0
3523,0
3524,0
3525,0
3526,0
3527,0
3528,0
3529,0
3530,0
3531,0
3532,0
3533,1
3534,0
3535,0
3536,0
3537,0
3538,0
3539,0
3540,1
3541,0
3542,1
3543,0
3544,1
3545,0
3546,0
3547,0
3548,0
3549,0
3550,0
3551,0
3552,0
3553,0
3554,1
3555,0
3556,0
3557,0
3558,0
3559,0
3560,0
3561,0
3562,0
3563,0
3564,0
3565,0
3566,0
3567,2
3568,1
3569,0
3570,1
3571,0
3572,0
3573,0
3574,0
3575,0
3576,0
3577,0
3578,0
3579,1
3580,1
3581,1
3582,0
3583,0
3584,1
3585,1
3586,1
3587,0
3588,0
3589,1
3590,1
3591,1
3592,1
3593,1
3594,1
3595,1
3596,1
3597,1
3598,0
3599,0
3600,0
3601,0
3602,0
3603,0
3604,0
3605,0
3606,0
3607,0
3608,0
3609,0
3610,0
3611,0
3612,0
3613,0
3614,0
3615,0
3616,0
3617,0
3618,0
3619,0
3620,0
3621,0
3622,0
3623,0
3624,0
3625,0
3626,0
3627,0
3628,0
3629,0
3630,0
3631,0
3632,0
3633,0
3634,0
3635,0
3636,0
3637,0
3638,0
3639,0
3640,0
3641,0
3642,0
3643,0
3644,0
3645,0
3646,0
3647,0
3648,2
3649,1
3650,0
3651,0
3652,0
3653,0
3654,0
3655,0
3656,0
3657,0
3658,0
3659,0
3660,0
3661,0
3662,0
3663,0
3664,0
3665,0
3666,0
3667,0
3668,0
3669,0
3670,0
3671,0
3672,0
3673,1
3674,0
3675,0
3676,0
3677,0
3678,0
3679,0
3680,0
3681,0
3682,0
3683,0
3684,0
3685,0
3686,0
3687,0
3688,0
3689,0
3690,0
3691,0
3692,0
3693,1
3694,0
3695,0
3696,0
3697,1
3698,1
3699,0
3700,0
3701,0
3702,0
3703,0
3704,1
3705,1
3706,0
3707,0
3708,0
3709,0
3710,0
3711,0
3712,0
3713,0
3714,0
3715,0
3716,0
3717,0
3718,0
3719,0
3720,0
3721,0
3722,0
3723,0
3724,0
3725,0
3726,1
3727,2
3728,0
3729,0
3730,0
3731,0
3732,0
3733,0
3734,0
3735,0
3736,0
3737,1
3738,1
3739,1
3740,0
3741,0
3742,0
3743,0
3744,0
3745,1
3746,1
3747,1
3748,1
3749,0
3750,0
3751,0
3752,0
3753,0
3754,0
3755,0
3756,0
3757,0
3758,1
3759,0
3760,0
3761,0
3762,0
3763,0
3764,0
3765,1
3766,1
3767,0
3768,1
3769,1
3770,0
3771,0
3772,0
3773,0
3774,0
3775,0
3776,0
3777,0
3778,0
3779,0
3780,0
3781,0
3782,0
3783,0
3784,1
3785,0
3786,0
3787,0
3788,0
3789,0
3790,0
3791,1
3792,0
3793,0
3794,0
3795,0
3796,0
3797,0
3798,0
3799,0
3800,0
3801,0
3802,0
3803,0
3804,0
3805,0
3806,0
3807,0
3808,0
3809,0
3810,0
3811,0
3812,0
3813,0
3814,0
3815,0
3816,0
3817,2
3818,2
3819,0
3820,0
3821,0
3822,0
3823,0
3824,0
3825,1
3826,0
3827,0
3828,0
3829,0
3830,0
3831,0
3832,0
3833,0
3834,0
3835,0
3836,0
3837,0
3838,0
3839,0
3840,0
3841,0
3842,0
3843,0
3844,0
3845,0
3846,0
3847,0
3848,0
3849,0
3850,1
3851,0
3852,0
3853,0
3854,0
3855,0
3856,1
3857,1
3858,1
3859,1
3860,1
3861,1
3862,1
3863,1
3864,1
3865,1
3866,1
3867,1
3868,0
3869,0
3870,0
3871,0
3872,0
3873,0
3874,0
3875,0
3876,1
3877,0
3878,1
3879,0
3880,0
3881,0
3882,0
3883,0
3884,0
3885,0
3886,0
3887,0
3888,0
3889,0
3890,0
3891,0
3892,0
3893,0
3894,0
3895,0
3896,1
3897,1
3898,1
3899,1
3900,1
3901,0
3902,0
3903,0
3904,0
3905,0
3906,0
3907,0
3908,0
3909,0
3910,0
3911,0
3912,0
3913,0
3914,0
3915,0
3916,0
3917,0
3918,0
3919,0
3920,0
3921,1
3922,1
3923,0
3924,0
3925,0
3926,0
3927,0
3928,0
3929,0
3930,0
3931,0
3932,0
3933,0
3934,0
3935,0
3936,1
3937,2
3938,0
3939,0
3940,0
3941,0
3942,0
3943,0
3944,0
3945,1
3946,2
3947,0
3948,0
3949,2
3950,0
3951,0
3952,0
3953,0
3954,0
3955,0
3956,0
3957,0
3958,0
3959,0
3960,0
3961,0
3962,0
3963,2
3964,1
3965,2
3966,1
3967,1
3968,1
3969,1
3970,2
3971,1
3972,2
3973,2
3974,2
3975,3
3976,1
3977,0
3978,0
3979,0
3980,1
3981,1
3982,0
3983,1
3984,2
3985,0
3986,1
3987,2
3988,1
3989,2
3990,2
3991,0
3992,1
3993,1
3994,2
3995,0
3996,1
3997,2
3998,0
3999,1
4000,0
4001,0
4002,0
4003,0
4004,0
4005,0
4006,0
4007,0
4008,0
4009,0
4010,0
4011,0
4012,0
4013,0
4014,0
4015,1
4016,0
4017,2
4018,1
4019,0
4020,1
4021,0
4022,0
4023,0
4024,0
4025,0
4026,0
4027,0
4028,0
4029,0
4030,0
4031,0
4032,0
4033,0
4034,0
4035,2
4036,1
4037,2
4038,2
4039,1
4040,1
4041,1
4042,1
4043,1
4044,1
4045,1
4046,2
4047,1
4048,0
4049,0
4050,0
4051,0
4052,0
4053,0
4054,1
4055,0
4056,0
4057,0
4058,0
4059,0
4060,0
4061,0
4062,0
4063,0
4064,0
4065,0
4066,0
4067,0
4068,0
4069,4
4070,0
4071,1
4072,1
4073,1
4074,1
4075,1
4076,1
4077,1
4078,1
4079,1
4080,1
4081,1
4082,1
4083,1
4084,3
4085,1
4086,1
4087,2
4088,2
4089,2
4090,2
4091,2
4092,2
4093,2
4094,2
4095,2
4096,2
4097,2
4098,2
4099,4
4100,0
4101,1
4102,1
4103,2
4104,2
4105,2
4106,2
4107,2
4108,0
4109,0
4110,0
4111,2
4112,1
4113,0
4114,3
4115,1
4116,3
4117,0
4118,1
4119,3
4120,1
4121,0
4122,1
4123,1
4124,2
4125,1
4126,1
4127,2
4128,1
4129,1
4130,1
4131,1
4132,1
4133,1
4134,2
4135,3
4136,2
4137,1
4138,2
4139,1
4140,1
4141,2
4142,1
4143,2
4144,3
4145,1
4146,0
4147,0
4148,0
4149,0
4150,0
4151,1
4152,1
4153,1
4154,0
4155,0
4156,0
4157,0
4158,0
4159,0
4160,0
4161,0
4162,0
4163,0
4164,0
4165,0
4166,0
4167,1
4168,0
4169,0
4170,0
4171,0
4172,0
4173,0
4174,0
4175,0
4176,0
4177,0
4178,0
4179,0
4180,0
4181,0
4182,0
4183,0
4184,0
4185,0
4186,0
4187,0
4188,0
4189,0
4190,0
4191,0
4192,0
4193,0
4194,0
4195,0
4196,0
4197,0
4198,0
4199,0
4200,0
4201,0
4202,0
4203,0
4204,0
4205,0
4206,0
4207,0
4208,0
4209,0
4210,1
4211,0
4212,0
4213,0
4214,0
4215,0
4216,0
4217,0
4218,0
4219,0
4220,0
4221,0
4222,0
4223,0
4224,0
4225,0
4226,0
4227,0
4228,0
4229,0
4230,1
4231,0
4232,1
4233,1
4234,0
4235,0
4236,0
4237,0
4238,0
4239,0
4240,0
4241,0
4242,0
4243,0
4244,1
4245,0
4246,0
4247,0
4248,0
4249,0
4250,0
4251,0
4252,0
4253,1
4254,1
4255,1
4256,1
4257,1
4258,1
4259,1
4260,0
4261,0
4262,0
4263,0
4264,1
4265,1
4266,2
4267,1
4268,1
4269,1
4270,1
4271,1
4272,1
4273,0
4274,0
4275,0
4276,0
4277,0
4278,0
4279,0
4280,0
4281,0
4282,0
4283,0
4284,0
4285,0
4286,0
4287,0
4288,0
4289,0
4290,0
4291,0
4292,0
4293,1
4294,3
4295,1
4296,1
4297,0
4298,1
4299,0
4300,1
4301,2
4302,1
4303,1
4304,2
4305,1
4306,1
4307,2
4308,1
4309,2
4310,2
4311,2
4312,1
4313,1
4314,2
4315,1
4316,2
4317,1
4318,1
4319,1
4320,1
4321,0
4322,1
4323,0
4324,1
4325,0
4326,0
4327,1
4328,1
4329,0
4330,0
4331,1
4332,1
4333,1
4334,0
4335,0
4336,0
4337,0
4338,0
4339,0
4340,0
4341,0
4342,0
4343,0
4344,0
4345,0
4346,0
4347,0
4348,0
4349,0
4350,0
4351,0
4352,0
4353,0
4354,0
4355,1
4356,0
4357,1
4358,1
4359,1
4360,1
4361,1
4362,0
4363,1
4364,0
4365,0
4366,0
4367,0
4368,0
4369,0
4370,0
4371,0
4372,0
4373,0
4374,0
4375,0
4376,0
4377,0
4378,0
4379,0
4380,0
4381,0
4382,0
4383,0
4384,0
4385,0
4386,0
4387,0
4388,0
4389,0
4390,0
4391,0
4392,0
4393,0
4394,0
4395,0
4396,0
4397,0
4398,0
4399,0
4400,0
4401,0
4402,0
4403,1
4404,0
4405,0
4406,1
4407,1
4408,0
4409,0
4410,0
4411,0
4412,0
4413,0
4414,0
4415,1
4416,0
4417,1
4418,2
4419,1
4420,1
4421,0
4422,0
4423,0
4424,0
4425,1
4426,0
4427,0
4428,0
4429,0
4430,0
4431,0
4432,0
4433,0
4434,0
4435,0
4436,0
4437,0
4438,0
4439,0
4440,0
4441,0
4442,0
4443,2
4444,1
4445,1
4446,2
4447,0
4448,0
4449,0
4450,0
4451,0
4452,0
4453,0
4454,0
4455,0
4456,1
4457,1
4458,1
4459,1
4460,1
4461,1
4462,1
4463,1
4464,2
4465,2
4466,2
4467,2
4468,2
4469,2
4470,2
4471,2
4472,2
4473,2
4474,2
4475,2
4476,1
4477,0
4478,0
4479,0
4480,0
4481,0
4482,1
4483,1
4484,1
4485,1
4486,1
4487,1
4488,1
4489,1
4490,1
4491,1
4492,1
4493,1
4494,1
4495,0
4496,0
4497,0
4498,0
4499,0
4500,0
4501,0
4502,0
4503,0
4504,0
4505,0
4506,0
4507,0
4508,0
4509,0
4510,0
4511,1
4512,0
4513,0
4514,1
4515,1
4516,1
4517,1
4518,1
4519,1
4520,1
4521,1
4522,1
4523,0
4524,1
4525,1
4526,0
4527,1
4528,1
4529,1
4530,1
4531,1
4532,1
4533,1
4534,1
4535,2
4536,1
4537,0
4538,1
4539,2
4540,1
4541,1
4542,1
4543,1
4544,0
4545,2
4546,2
4547,2
4548,2
4549,1
4550,1
4551,1
4552,2
4553,1
4554,1
4555,2
4556,2
4557,1
4558,2
4559,1
4560,1
4561,1
4562,1
4563,1
4564,1
4565,1
4566,1
4567,1
4568,0
4569,1
4570,0
4571,1
4572,1
4573,1
4574,1
4575,1
4576,0
4577,0
4578,2
4579,1
4580,0
4581,1
4582,0
4583,0
4584,1
4585,1
4586,1
4587,0
4588,2
4589,1
4590,2
4591,0
4592,1
4593,2
4594,0
4595,0
4596,1
4597,0
4598,1
4599,1
4600,2
4601,0
4602,1
4603,0
4604,1
4605,0
4606,0
4607,1
4608,1
4609,1
4610,1
4611,1
4612,1
4613,2
4614,0
4615,0
4616,1
4617,0
4618,0
4619,1
4620,1
4621,1
4622,1
4623,1
4624,0
4625,0
4626,0
4627,0
4628,0
4629,0
4630,0
4631,0
4632,0
4633,0
4634,0
4635,0
4636,1
4637,1
4638,1
4639,1
4640,1
4641,1
4642,0
4643,0
4644,0
4645,0
4646,0
4647,0
4648,0
4649,0
4650,0
4651,0
4652,0
4653,0
4654,0
4655,0
4656,0
4657,0
4658,0
4659,0
4660,0
4661,1
4662,2
4663,2
4664,0
4665,1
4666,1
4667,0
4668,1
4669,0
4670,1
4671,1
4672,1
4673,0
4674,0
4675,0
4676,1
4677,1
4678,1
4679,1
4680,1
4681,1
4682,1
4683,0
4684,0
4685,0
4686,0
4687,0
4688,0
4689,0
4690,1
4691,1
4692,0
4693,0
4694,0
4695,0
4696,0
4697,0
4698,0
4699,0
4700,0
4701,0
4702,1
4703,1
4704,1
4705,1
4706,1
4707,1
4708,2
4709,3
4710,2
4711,2
4712,2
4713,2
4714,1
4715,1
4716,1
4717,1
4718,1
4719,0
4720,0
4721,0
4722,0
4723,0
4724,0
4725,0
4726,0
4727,0
4728,0
4729,0
4730,0
4731,0
4732,1
4733,1
4734,0
4735,4
4736,4
4737,4
4738,4
4739,3
4740,1
4741,4
4742,1
4743,0
4744,0
4745,1
4746,1
4747,0
4748,0
4749,0
4750,0
4751,0
4752,1
4753,3
4754,1
4755,2
4756,3
4757,4
4758,1
4759,1
4760,0
4761,1
4762,1
4763,1
4764,1
4765,1
4766,1
4767,1
4768,1
4769,2
4770,1
4771,1
4772,4
4773,4
4774,1
4775,4
4776,4
4777,4
4778,4
4779,4
4780,4
4781,4
4782,3
4783,1
4784,0
4785,0
4786,0
4787,0
4788,0
4789,1
4790,4
4791,4
4792,4
4793,4
4794,4
4795,4
4796,1
4797,0
4798,1
4799,1
4800,1
4801,0
4802,0
4803,0
4804,1
4805,0
4806,1
4807,0
4808,0
4809,1
4810,0
4811,0
4812,0
4813,0
4814,0
4815,0
4816,1
4817,0
4818,0
4819,0
4820,1
4821,1
4822,0
4823,0
4824,0
4825,0
4826,0
4827,0
4828,0
4829,0
4830,0
4831,0
4832,0
4833,0
4834,0
4835,0
4836,0
4837,1
4838,0
4839,0
4840,0
4841,0
4842,1
4843,0
4844,1
4845,0
4846,0
4847,1
4848,0
4849,1
4850,1
4851,0
4852,0
4853,0
4854,0
4855,1
4856,1
4857,0
4858,2
4859,0
4860,0
4861,1
4862,0
4863,0
4864,0
4865,1
4866,0
4867,0
4868,0
4869,0
4870,1
4871,0
4872,0
4873,0
4874,0
4875,2
4876,2
4877,2
4878,2
4879,2
4880,2
4881,2
4882,0
4883,0
4884,0
4885,0
4886,0
4887,2
4888,1
4889,2
4890,1
4891,1
4892,0
4893,1
4894,3
4895,1
4896,2
4897,0
4898,1
4899,1
4900,1
4901,1
4902,2
4903,0
4904,1
4905,1
4906,2
4907,1
4908,1
4909,4
4910,0
4911,0
4912,0
4913,0
4914,0
4915,0
4916,0
4917,1
4918,0
4919,1
4920,0
4921,0
4922,0
4923,0
4924,0
4925,0
4926,0
4927,0
4928,2
4929,3
4930,2
4931,2
4932,0
4933,0
4934,0
4935,1
4936,1
4937,1
4938,1
4939,1
4940,1
4941,1
4942,3
4943,4
4944,2
4945,1
4946,1
4947,4
4948,1
4949,3
4950,5
4951,4
4952,5
4953,2
4954,3
4955,5
4956,1
4957,2
4958,4
4959,0
4960,1
4961,1
4962,1
4963,1
4964,3
4965,0
4966,0
4967,0
4968,0
4969,0
4970,0
4971,0
4972,0
4973,0
4974,0
4975,0
4976,0
4977,0
4978,0
4979,0
4980,0
4981,0
4982,0
4983,0
4984,0
4985,0
4986,0
4987,0
4988,0
4989,0
4990,0
4991,0
4992,0
4993,0
4994,1
4995,1
4996,1
4997,1
4998,1
4999,1
5000,1
5001,1
5002,1
5003,1
5004,0
5005,1
5006,1
5007,0
5008,0
5009,0
5010,0
5011,0
5012,0
5013,1
5014,1
5015,1
5016,1
5017,1
5018,1
5019,0
5020,0
5021,0
5022,0
5023,0
5024,0
5025,0
5026,0
5027,0
5028,0
5029,0
5030,0
5031,2
5032,2
5033,2
5034,2
5035,0
5036,0
5037,1
5038,1
5039,0
5040,0
5041,0
5042,0
5043,0
5044,0
5045,0
5046,0
5047,0
5048,3
5049,1
5050,1
5051,1
5052,1
5053,1
5054,1
5055,1
5056,1
5057,1
5058,1
5059,1
5060,1
5061,1
5062,1
5063,1
5064,1
5065,1
5066,0
5067,0
5068,0
5069,0
5070,0
5071,0
5072,0
5073,0
5074,0
5075,0
5076,0
5077,0
5078,0
5079,0
5080,0
5081,0
5082,0
5083,0
5084,0
5085,0
5086,0
5087,1
5088,0
5089,0
5090,0
5091,1
5092,1
5093,0
5094,0
5095,0
5096,0
5097,0
5098,0
5099,0
5100,0
5101,0
5102,0
5103,0
5104,0
5105,0
5106,0
5107,0
5108,0
5109,0
5110,0
5111,0
5112,0
5113,0
5114,0
5115,0
5116,0
5117,0
5118,0
5119,0
5120,1
5121,0
5122,0
5123,0
5124,1
5125,1
5126,0
5127,1
5128,1
5129,1
5130,1
5131,1
5132,1
5133,1
5134,1
5135,1
5136,1
5137,1
5138,1
5139,1
5140,1
5141,0
5142,0
5143,0
5144,0
5145,0
5146,0
5147,0
5148,0
5149,0
5150,0
5151,0
5152,0
5153,0
5154,0
5155,0
5156,0
5157,0
5158,0
5159,0
5160,0
5161,1
5162,1
5163,2
5164,0
5165,1
5166,0
5167,1
5168,0
5169,1
5170,1
5171,0
5172,0
5173,0
5174,0
5175,0
5176,0
5177,0
5178,0
5179,0
5180,2
5181,2
5182,0
5183,1
5184,1
5185,2
5186,0
5187,0
5188,1
5189,0
5190,1
5191,2
5192,0
5193,1
5194,1
5195,0
5196,0
5197,0
5198,0
5199,0
5200,0
5201,0
5202,0
5203,2
5204,1
5205,0
5206,0
5207,0
5208,0
5209,0
5210,2
5211,2
5212,2
5213,2
5214,2
5215,2
5216,2
5217,2
5218,2
5219,2
5220,2
5221,2
5222,2
5223,0
5224,1
5225,1
5226,2
5227,1
5228,0
5229,0
5230,0
5231,0
5232,0
5233,0
5234,0
5235,0
5236,0
5237,1
5238,2
5239,1
5240,0
5241,1
5242,0
5243,1
5244,1
5245,1
5246,0
5247,1
5248,1
5249,0
5250,1
5251,1
5252,0
5253,1
5254,0
5255,0
5256,1
5257,0
5258,0
5259,1
5260,0
5261,1
5262,1
5263,0
5264,1
5265,1
5266,1
5267,1
5268,1
5269,1
5270,1
5271,1
5272,1
5273,1
5274,1
5275,1
5276,1
5277,1
5278,1
5279,0
5280,1
5281,1
5282,1
5283,1
5284,1
5285,1
5286,1
5287,1
5288,1
5289,0
5290,1
5291,1
5292,1
5293,1
5294,0
5295,0
5296,0
5297,0
5298,0
5299,0
5300,0
5301,0
5302,0
5303,0
5304,0
5305,0
5306,0
5307,0
5308,0
5309,0
5310,0
5311,0
5312,0
5313,0
5314,0
5315,0
5316,0
5317,0
5318,0
5319,0
5320,0
5321,1
5322,0
5323,2
5324,2
5325,1
5326,1
5327,1
5328,1
5329,1
5330,2
5331,0
5332,1
5333,1
5334,1
5335,1
5336,1
5337,1
5338,1
5339,1
5340,1
5341,0
5342,1
5343,1
5344,1
5345,1
5346,1
5347,1
5348,1
5349,1
5350,0
5351,1
5352,2
5353,1
5354,2
5355,1
5356,3
5357,1
5358,2
5359,1
5360,1
5361,1
5362,1
5363,1
5364,1
5365,1
5366,1
5367,1
5368,1
5369,1
5370,1
5371,1
5372,2
5373,1
5374,1
5375,1
5376,1
5377,2
5378,0
5379,1
5380,1
5381,1
5382,1
5383,1
5384,1
5385,1
5386,2
5387,2
5388,1
5389,1
5390,1
5391,1
5392,1
5393,1
5394,1
5395,1
5396,1
5397,1
5398,1
5399,1
5400,1
5401,1
5402,1
5403,1
5404,1
5405,1
5406,1
5407,1
5408,1
5409,1
5410,1
5411,1
5412,1
5413,2
5414,1
5415,1
5416,2
5417,0
5418,2
5419,0
5420,0
5421,1
5422,2
5423,0
5424,1
5425,0
5426,1
5427,2
5428,2
5429,2
5430,2
5431,2
5432,2
5433,2
5434,2
5435,2
5436,1
5437,1
5438,0
5439,0
5440,0
5441,1
5442,1
5443,1
5444,0
5445,1
5446,1
5447,0
5448,0
5449,0
5450,0
5451,0
5452,1
5453,1
5454,2
5455,3
5456,1
5457,1
5458,1
5459,1
5460,1
5461,1
5462,1
5463,1
5464,1
5465,1
5466,1
5467,2
5468,2
5469,2
5470,2
5471,1
5472,2
5473,2
5474,2
5475,2
5476,2
5477,1
5478,1
5479,1
5480,1
5481,1
5482,2
5483,1
5484,1
5485,2
5486,1
5487,0
5488,1
5489,0
5490,1
5491,0
5492,1
5493,1
5494,2
5495,2
5496,3
5497,1
5498,2
5499,0
5500,1
5501,1
5502,1
5503,1
5504,3
5505,0
5506,1
5507,2
5508,2
5509,3
5510,0
5511,1
5512,1
5513,2
5514,2
5515,1
5516,1
5517,2
5518,0
5519,2
5520,1
5521,0
5522,2
5523,1
5524,0
5525,1
5526,1
5527,1
5528,3
5529,0
5530,1
5531,0
5532,1
5533,0
5534,2
5535,0
5536,2
5537,1
5538,0
5539,2
5540,1
5541,1
5542,1
5543,0
5544,1
5545,1
5546,1
5547,1
5548,2
5549,1
5550,2
5551,0
5552,0
5553,1
5554,2
5555,2
5556,1
5557,1
5558,0
5559,0
5560,1
5561,1
5562,1
5563,1
5564,0
5565,1
5566,1
5567,1
5568,1
5569,1
5570,1
5571,1
5572,1
5573,2
5574,1
5575,2
5576,0
5577,1
5578,0
5579,1
5580,1
5581,0
5582,1
5583,0
5584,1
5585,0
5586,0
5587,0
5588,0
5589,0
5590,0
5591,0
5592,0
5593,0
5594,0
5595,0
5596,0
5597,0
5598,0
5599,0
5600,0
5601,0
5602,0
5603,1
5604,0
5605,0
5606,0
5607,0
5608,0
5609,0
5610,0
5611,0
5612,0
5613,0
5614,0
5615,0
5616,1
5617,0
5618,0
5619,0
5620,0
5621,0
5622,0
5623,0
5624,0
5625,0
5626,0
5627,0
5628,1
5629,1
5630,0
5631,1
5632,1
5633,1
5634,3
5635,0
5636,0
5637,0
5638,0
5639,0
5640,0
5641,0
5642,1
5643,4
5644,0
5645,1
5646,4
5647,0
5648,1
5649,1
5650,0
5651,1
5652,0
5653,0
5654,0
5655,0
5656,2
5657,1
5658,1
5659,1
5660,1
5661,2
5662,2
5663,1
5664,0
5665,0
5666,0
5667,0
5668,0
5669,1
5670,1
5671,1
5672,2
5673,1
5674,1
5675,1
5676,0
5677,0
5678,0
5679,0
5680,0
5681,1
5682,1
5683,1
5684,1
5685,1
5686,0
5687,0
5688,0
5689,0
5690,0
5691,0
5692,0
5693,0
5694,0
5695,0
5696,1
5697,1
5698,0
5699,0
5700,0
5701,0
5702,0
5703,0
5704,0
5705,0
5706,1
5707,2
5708,2
5709,0
5710,1
5711,1
5712,1
5713,1
5714,1
5715,1
5716,1
5717,1
5718,1
5719,1
5720,1
5721,1
5722,1
5723,1
5724,2
5725,1
5726,2
5727,1
5728,2
5729,0
5730,0
5731,0
5732,0
5733,0
5734,0
5735,0
5736,0
5737,0
5738,0
5739,1
5740,0
5741,0
5742,1
5743,1
5744,1
5745,0
5746,1
5747,0
5748,0
5749,0
5750,0
5751,0
5752,0
5753,0
5754,0
5755,0
5756,0
5757,0
5758,0
5759,1
5760,1
5761,2
5762,1
5763,1
5764,0
5765,1
5766,0
5767,1
5768,0
5769,0
5770,0
5771,0
5772,0
5773,0
5774,0
5775,0
5776,0
5777,1
5778,0
5779,1
5780,1
5781,0
5782,1
5783,0
5784,1
5785,1
5786,1
5787,0
5788,1
5789,0
5790,0
5791,0
5792,0
5793,0
5794,0
5795,0
5796,0
5797,0
5798,0
5799,0
5800,0
5801,0
5802,1
5803,1
5804,1
5805,1
5806,0
5807,0
5808,1
5809,0
5810,0
5811,1
5812,4
5813,0
5814,1
5815,2
5816,1
5817,1
5818,1
5819,0
5820,0
5821,0
5822,0
5823,0
5824,0
5825,0
5826,0
5827,1
5828,1
5829,0
5830,1
5831,1
5832,0
5833,1
5834,1
5835,0
5836,0
5837,0
5838,1
5839,0
5840,0
5841,2
5842,1
5843,1
5844,1
5845,0
5846,0
5847,0
5848,0
5849,0
5850,0
5851,0
5852,0
5853,0
5854,0
5855,0
5856,0
5857,1
5858,0
5859,1
5860,1
5861,1
5862,1
5863,1
5864,1
5865,1
5866,0
5867,1
5868,1
5869,2
5870,1
5871,1
5872,1
5873,1
5874,2
5875,2
5876,2
5877,1
5878,2
5879,1
5880,1
5881,2
5882,2
5883,1
5884,2
5885,1
5886,1
5887,2
5888,1
5889,0
5890,1
5891,2
5892,0
5893,1
5894,0
5895,1
5896,2
5897,0
5898,1
5899,0
5900,0
5901,1
5902,1
5903,1
5904,1
5905,0
5906,1
5907,2
5908,2
5909,2
5910,3
5911,0
5912,0
5913,1
5914,2
5915,1
5916,1
5917,1
5918,1
5919,1
5920,4
5921,1
5922,0
5923,2
5924,1
5925,1
5926,1
5927,1
5928,1
5929,0
5930,0
5931,0
5932,1
5933,0
5934,0
5935,0
5936,0
5937,1
5938,0
5939,1
5940,1
5941,0
5942,4
5943,0
5944,1
5945,1
5946,0
5947,1
5948,1
5949,0
5950,0
5951,1
5952,1
5953,1
5954,1
5955,1
5956,1
5957,1
5958,1
5959,1
5960,1
5961,1
5962,1
5963,1
5964,0
5965,0
5966,0
5967,0
5968,0
5969,1
5970,0
5971,1
5972,1
5973,2
5974,0
5975,2
5976,0
5977,0
5978,0
5979,0
5980,0
5981,0
5982,0
5983,0
5984,0
5985,0
5986,0
5987,0
5988,0
5989,0
5990,0
5991,0
5992,0
5993,0
5994,0
5995,0
5996,0
5997,0
5998,2
5999,0
6000,0
6001,0
6002,0
6003,0
6004,0
6005,0
6006,0
6007,0
6008,0
6009,0
6010,0
6011,0
6012,0
6013,0
6014,1
6015,0
6016,0
6017,0
6018,0
6019,0
6020,1
6021,0
6022,0
6023,0
6024,0
6025,0
6026,0
6027,0
6028,0
6029,0
6030,1
6031,0
6032,0
6033,0
6034,0
6035,0
6036,0
6037,0
6038,0
6039,0
6040,0
6041,0
6042,0
6043,0
6044,0
6045,0
6046,1
6047,0
6048,1
6049,0
6050,0
6051,0
6052,0
6053,1
6054,0
6055,0
6056,2
6057,2
6058,0
6059,0
6060,0
6061,1
6062,1
6063,2
6064,0
6065,0
6066,1
6067,1
6068,1
6069,0
6070,1
6071,1
6072,1
6073,2
6074,0
6075,1
6076,1
6077,0
6078,1
6079,2
6080,2
6081,2
6082,2
6083,2
6084,3
6085,0
6086,2
6087,2
6088,1
6089,1
6090,1
6091,1
6092,2
6093,0
6094,0
6095,0
6096,0
6097,0
6098,0
6099,0
6100,0
6101,1
6102,0
6103,0
6104,0
6105,0
6106,1
6107,0
6108,1
6109,1
6110,0
6111,1
6112,0
6113,0
6114,1
6115,2
6116,0
6117,1
6118,1
6119,1
6120,1
6121,1
6122,1
6123,1
6124,1
6125,0
6126,2
6127,0
6128,1
6129,1
6130,1
6131,0
6132,0
6133,1
6134,1
6135,0
6136,0
6137,0
6138,2
6139,2
6140,2
6141,2
6142,1
6143,1
6144,1
6145,1
6146,1
6147,1
6148,1
6149,1
6150,2
6151,1
6152,1
6153,1
6154,1
6155,1
6156,2
6157,0
6158,1
6159,3
6160,1
6161,1
6162,1
6163,1
6164,1
6165,1
6166,1
6167,2
6168,0
6169,3
6170,3
6171,0
6172,1
6173,1
6174,1
6175,2
6176,0
6177,0
6178,0
6179,0
6180,0
6181,1
6182,2
6183,0
6184,0
6185,1
6186,0
6187,1
6188,0
6189,0
6190,0
6191,0
6192,1
6193,0
6194,0
6195,0
6196,3
6197,0
6198,1
6199,1
6200,0
6201,0
6202,1
6203,0
6204,1
6205,1
6206,1
6207,1
6208,2
6209,3
6210,0
6211,1
6212,0
6213,0
6214,0
6215,0
6216,0
6217,0
6218,0
6219,0
6220,0
6221,0
6222,0
6223,0
6224,0
6225,0
6226,1
6227,2
6228,2
6229,2
6230,1
6231,1
6232,1
6233,1
6234,2
6235,3
6236,1
6237,0
6238,1
6239,2
6240,2
6241,2
6242,2
6243,1
6244,1
6245,2
6246,1
6247,1
6248,0
6249,1
6250,1
6251,2
6252,0
6253,1
6254,0
6255,0
6256,0
6257,0
6258,1
6259,1
6260,0
6261,2
6262,1
6263,1
6264,1
6265,2
6266,3
6267,4
6268,3
6269,1
6270,2
6271,2
6272,3
6273,2
6274,2
6275,1
6276,1
6277,1
6278,1
6279,1
6280,0
6281,0
6282,0
6283,0
6284,0
6285,0
6286,0
6287,0
6288,0
6289,0
6290,0
6291,0
6292,0
6293,0
6294,0
6295,0
6296,0
6297,0
6298,0
6299,0
6300,0
6301,0
6302,0
6303,0
6304,0
6305,0
6306,0
6307,0
6308,0
6309,0
6310,0
6311,1
6312,0
6313,0
6314,0
6315,0
6316,0
6317,0
6318,0
6319,0
6320,0
6321,0
6322,0
6323,1
6324,1
6325,0
6326,0
6327,0
6328,0
6329,0
6330,0
6331,0
6332,0
6333,0
6334,0
6335,0
6336,0
6337,0
6338,0
6339,0
6340,0
6341,1
6342,1
6343,0
6344,0
6345,0
6346,0
6347,0
6348,0
6349,0
6350,0
6351,0
6352,0
6353,0
6354,0
6355,0
6356,0
6357,0
6358,0
6359,1
6360,1
6361,1
6362,2
6363,0
6364,0
6365,0
6366,0
6367,0
6368,0
6369,0
6370,0
6371,0
6372,1
6373,2
6374,1
6375,1
6376,1
6377,1
6378,1
6379,0
6380,0
6381,0
6382,0
6383,0
6384,0
6385,1
6386,0
6387,0
6388,1
6389,1
6390,0
6391,1
6392,0
6393,0
6394,0
6395,0
6396,0
6397,1
6398,1
6399,1
6400,2
6401,1
6402,0
6403,0
6404,0
6405,0
6406,0
6407,0
6408,0
6409,0
6410,0
6411,1
6412,0
6413,1
6414,1
6415,1
6416,2
6417,1
6418,1
6419,1
6420,0
6421,1
6422,1
6423,1
6424,0
6425,1
6426,1
6427,0
6428,1
6429,0
6430,1
6431,1
6432,1
6433,1
6434,1
6435,1
6436,0
6437,1
6438,0
6439,0
6440,1
6441,1
6442,1
6443,0
6444,0
6445,0
6446,0
6447,0
6448,0
6449,0
6450,0
6451,1
6452,1
6453,1
6454,1
6455,0
6456,0
6457,0
6458,0
6459,0
6460,0
6461,0
6462,0
6463,0
6464,0
6465,0
6466,0
6467,1
6468,1
6469,0
6470,0
6471,0
6472,0
6473,0
6474,0
6475,0
6476,0
6477,0
6478,0
6479,0
6480,0
6481,0
6482,0
6483,0
6484,0
6485,0
6486,0
6487,0
6488,0
6489,0
6490,0
6491,0
6492,0
6493,2
6494,0
6495,1
6496,2
6497,1
6498,1
6499,1
6500,1
6501,1
6502,1
6503,1
6504,1
6505,1
6506,1
6507,1
6508,1
6509,1
6510,1
6511,1
6512,1
6513,1
6514,1
6515,0
6516,1
6517,1
6518,0
6519,1
6520,0
6521,1
6522,2
6523,1
6524,0
6525,0
6526,0
6527,0
6528,0
6529,0
6530,0
6531,0
6532,0
6533,2
6534,0
6535,1
6536,1
6537,1
6538,0
6539,0
6540,0
6541,0
6542,0
6543,0
6544,0
6545,0
6546,0
6547,0
6548,0
6549,0
6550,0
6551,0
6552,0
6553,0
6554,0
6555,0
6556,0
6557,0
6558,0
6559,0
6560,0
6561,0
6562,1
6563,3
6564,1
6565,1
6566,1
6567,1
6568,1
6569,1
6570,1
6571,1
6572,1
6573,1
6574,1
6575,1
6576,1
6577,1
6578,1
6579,1
6580,2
6581,3
6582,2
6583,3
6584,3
6585,3
6586,3
6587,3
6588,3
6589,3
6590,3
6591,3
6592,3
6593,3
6594,3
6595,2
6596,2
6597,2
6598,2
6599,2
6600,2
6601,2
6602,2
6603,2
6604,2
6605,2
6606,2
6607,2
6608,2
6609,2
6610,2
6611,2
6612,2
6613,2
6614,2
6615,2
6616,2
6617,2
6618,2
6619,2
6620,2
6621,2
6622,2
6623,2
6624,2
6625,2
6626,2
6627,2
6628,0
6629,0
6630,0
6631,1
6632,2
6633,1
6634,1
6635,1
6636,1
6637,1
6638,1
6639,1
6640,2
6641,0
6642,0
6643,0
6644,0
6645,0
6646,0
6647,1
6648,1
6649,1
6650,1
6651,1
6652,1
6653,1
6654,1
6655,1
6656,1
6657,1
6658,1
6659,1
6660,1
6661,1
6662,1
6663,1
6664,1
6665,1
6666,1
6667,1
6668,1
6669,1
6670,1
6671,1
6672,1
6673,1
6674,1
6675,1
6676,2
6677,1
6678,0
6679,1
6680,0
6681,1
6682,0
6683,1
6684,1
6685,1
6686,1
6687,1
6688,1
6689,1
6690,1
6691,1
6692,1
6693,1
6694,1
6695,0
6696,1
6697,1
6698,2
6699,3
6700,0
6701,1
6702,2
6703,0
6704,1
6705,3
6706,2
6707,1
6708,0
6709,0
6710,0
6711,0
6712,0
6713,0
6714,0
6715,0
6716,0
6717,0
6718,0
6719,0
6720,0
6721,0
6722,0
6723,0
6724,0
6725,3
6726,0
6727,2
6728,0
6729,0
6730,0
6731,0
6732,0
6733,0
6734,0
6735,1
6736,0
6737,0
6738,0
6739,0
6740,0
6741,0
6742,0
6743,1
6744,1
6745,1
6746,1
6747,1
6748,1
6749,1
6750,1
6751,1
6752,1
6753,1
6754,0
6755,0
6756,0
6757,0
6758,0
6759,0
6760,0
6761,0
6762,0
6763,0
6764,0
6765,0
6766,0
6767,0
6768,0
6769,0
6770,0
6771,0
6772,0
6773,0
6774,0
6775,3
6776,1
6777,1
6778,1
6779,1
6780,1
6781,1
6782,2
6783,4
6784,1
6785,1
6786,0
6787,0
6788,0
6789,0
6790,1
6791,1
6792,0
6793,0
6794,0
6795,0
6796,0
6797,0
6798,1
6799,1
6800,1
6801,1
6802,1
6803,1
6804,1
6805,1
6806,0
6807,0
6808,0
6809,0
6810,0
6811,0
6812,0
6813,0
6814,0
6815,1
6816,1
6817,1
6818,1
6819,1
6820,1
6821,1
6822,1
6823,1
6824,2
6825,2
6826,2
6827,2
6828,2
6829,0
6830,0
6831,0
6832,0
6833,0
6834,0
6835,0
6836,0
6837,0
6838,0
6839,0
6840,1
6841,1
6842,0
6843,0
6844,0
6845,0
6846,0
6847,0
6848,1
6849,1
6850,1
6851,2
6852,1
6853,1
6854,1
6855,1
6856,0
6857,0
6858,0
6859,0
6860,0
6861,0
6862,0
6863,1
6864,2
6865,2
6866,0
6867,0
6868,0
6869,0
6870,0
6871,0
6872,1
6873,1
6874,2
6875,0
6876,1
6877,0
6878,1
6879,0
6880,0
6881,1
6882,0
6883,0
6884,0
6885,0
6886,1
6887,0
6888,0
6889,0
6890,0
6891,1
6892,1
6893,1
6894,1
6895,1
6896,1
6897,1
6898,1
6899,1
6900,1
6901,1
6902,1
6903,1
6904,1
6905,2
6906,1
6907,1
6908,1
6909,1
6910,1
6911,1
6912,1
6913,1
6914,1
6915,1
6916,1
6917,1
6918,1
6919,2
6920,1
6921,1
6922,1
6923,2
6924,3
6925,2
6926,0
6927,2
6928,0
6929,1
6930,0
6931,3
6932,0
6933,1
6934,0
6935,2
6936,2
6937,0
6938,2
6939,0
6940,1
6941,0
6942,1
6943,0
6944,1
6945,1
6946,1
6947,1
6948,1
6949,1
6950,0
6951,1
6952,2
6953,0
6954,1
6955,0
6956,1
6957,1
6958,1
6959,0
6960,1
6961,0
6962,1
6963,4
6964,1
6965,1
6966,2
6967,1
6968,1
6969,1
6970,1
6971,0
6972,1
6973,0
6974,1
6975,0
6976,3
6977,2
6978,0
6979,1
6980,2
6981,0
6982,1
6983,2
6984,1
6985,1
6986,2
6987,2
6988,2
6989,2
6990,2
6991,2
6992,2
6993,2
6994,2
6995,2
6996,2
6997,1
6998,1
6999,1
7000,1
7001,1
7002,1
7003,1
7004,1
7005,1
7006,2
7007,0
7008,0
7009,0
7010,0
7011,0
7012,0
7013,0
7014,0
7015,0
7016,0
7017,0
7018,1
7019,1
7020,1
7021,1
7022,1
7023,1
7024,1
7025,1
7026,1
7027,1
7028,1
7029,1
7030,1
7031,1
7032,0
7033,1
7034,1
7035,0
7036,1
7037,1
7038,1
7039,1
7040,1
7041,1
7042,1
7043,1
7044,1
7045,1
7046,1
7047,1
7048,1
7049,1
7050,1
7051,1
7052,1
7053,1
7054,1
7055,1
7056,1
7057,1
7058,1
7059,1
7060,1
7061,1
7062,1
7063,1
7064,1
7065,1
7066,1
7067,1
7068,1
7069,1
7070,1
7071,1
7072,1
7073,1
7074,1
7075,1
7076,1
7077,1
7078,1
7079,1
7080,2
7081,1
7082,1
7083,1
7084,1
7085,1
7086,1
7087,1
7088,1
7089,1
7090,1
7091,1
7092,1
7093,1
7094,1
7095,1
7096,1
7097,1
7098,1
7099,1
7100,1
7101,1
7102,1
7103,1
7104,3
7105,4
7106,1
7107,4
7108,0
7109,0
7110,1
7111,0
7112,2
7113,2
7114,2
7115,2
7116,2
7117,2
7118,2
7119,2
7120,2
7121,2
7122,2
7123,2
7124,2
7125,2
7126,2
7127,2
7128,2
7129,1
7130,0
7131,1
7132,2
7133,2
7134,1
7135,1
7136,2
7137,0
7138,2
7139,1
7140,2
7141,1
7142,1
7143,0
7144,2
7145,2
7146,2
7147,4
7148,0
7149,0
7150,1
7151,1
7152,2
7153,4
7154,1
7155,1
7156,2
7157,0
7158,1
7159,1
7160,1
7161,1
7162,1
7163,1
7164,1
7165,1
7166,2
7167,3
7168,3
7169,3
7170,3
7171,3
7172,3
7173,3
7174,3
7175,1
7176,0
7177,2
7178,1
7179,0
7180,1
7181,0
7182,1
7183,1
7184,1
7185,2
7186,2
7187,0
7188,1
7189,1
7190,2
7191,1
7192,1
7193,1
7194,1
7195,1
7196,1
7197,1
7198,1
7199,1
7200,1
7201,1
7202,1
7203,1
7204,1
7205,1
7206,1
7207,1
7208,0
7209,2
7210,1
7211,0
7212,0
7213,0
7214,2
7215,2
7216,2
7217,2
7218,2
7219,2
7220,2
7221,2
7222,2
7223,2
7224,2
7225,2
7226,2
7227,2
7228,1
7229,2
7230,2
7231,1
7232,1
7233,1
7234,1
7235,2
7236,1
7237,1
7238,3
7239,3
7240,1
7241,1
7242,1
7243,2
7244,1
7245,2
7246,2
7247,2
7248,2
7249,2
7250,2
7251,2
7252,2
7253,2
7254,2
7255,2
7256,2
7257,2
7258,2
7259,2
7260,2
7261,2
7262,3
7263,3
7264,2
7265,2
7266,2
7267,2
7268,2
7269,1
7270,1
7271,1
7272,1
7273,1
7274,2
7275,0
7276,2
7277,1
7278,2
7279,2
7280,2
7281,2
7282,2
7283,2
7284,2
7285,2
7286,2
7287,2
7288,2
7289,2
7290,2
7291,2
7292,3
7293,1
7294,0
7295,1
7296,1
7297,1
7298,1
7299,1
7300,1
7301,1
7302,1
7303,1
7304,1
7305,1
7306,1
7307,1
7308,1
7309,1
7310,1
7311,1
7312,1
7313,1
7314,1
7315,1
7316,3
7317,2
7318,3
7319,3
7320,1
7321,1
7322,1
7323,3
7324,0
7325,0
7326,0
7327,0
7328,0
7329,0
7330,0
7331,0
7332,0
7333,0
7334,0
7335,0
7336,0
7337,0
7338,0
7339,0
7340,0
7341,0
7342,0
7343,0
7344,0
7345,0
7346,0
7347,0
7348,0
7349,0
7350,0
7351,0
7352,0
7353,0
7354,0
7355,0
7356,0
7357,0
7358,0
7359,0
7360,0
7361,0
7362,0
7363,0
7364,0
7365,0
7366,0
7367,0
7368,0
7369,0
7370,0
7371,0
7372,1
7373,1
7374,0
7375,0
7376,0
7377,0
7378,0
7379,0
7380,0
7381,0
7382,0
7383,0
7384,1
7385,0
7386,0
7387,0
7388,0
7389,0
7390,0
7391,0
7392,1
7393,1
7394,1
7395,1
7396,0
7397,1
7398,0
7399,0
7400,1
7401,1
7402,0
7403,0
7404,0
7405,0
7406,0
7407,0
7408,1
7409,1
7410,0
7411,0
7412,0
7413,0
7414,0
7415,0
7416,0
7417,0
7418,0
7419,0
7420,0
7421,0
7422,0
7423,0
7424,0
7425,0
7426,0
7427,0
7428,0
7429,0
7430,0
7431,0
7432,0
7433,0
7434,0
7435,0
7436,0
7437,0
7438,0
7439,0
7440,0
7441,0
7442,0
7443,0
7444,0
7445,0
7446,0
7447,0
7448,0
7449,0
7450,0
7451,0
7452,0
7453,2
7454,0
7455,0
7456,0
7457,0
7458,0
7459,0
7460,1
7461,1
7462,2
7463,2
7464,0
7465,2
7466,2
7467,0
7468,1
7469,1
7470,1
7471,0
7472,0
7473,0
7474,1
7475,1
7476,0
7477,1
7478,1
7479,1
7480,0
7481,1
7482,1
7483,1
7484,1
7485,1
7486,1
7487,1
7488,1
7489,1
7490,1
7491,1
7492,2
7493,1
7494,1
7495,1
7496,1
7497,1
7498,2
7499,0
7500,0
7501,1
7502,0
7503,0
7504,1
7505,0
7506,1
7507,0
7508,1
7509,1
7510,1
7511,1
7512,0
7513,1
7514,0
7515,1
7516,1
7517,1
7518,2
7519,1
7520,1
7521,1
7522,1
7523,1
7524,0
7525,1
7526,1
7527,0
7528,1
7529,1
7530,1
7531,0
7532,1
7533,1
7534,1
7535,1
7536,1
7537,1
7538,0
7539,0
7540,0
7541,0
7542,0
7543,0
7544,0
7545,0
7546,0
7547,0
7548,0
7549,0
7550,0
7551,0
7552,0
7553,0
7554,0
7555,0
7556,0
7557,0
7558,0
7559,0
7560,1
7561,1
7562,1
7563,1
7564,0
7565,0
7566,0
7567,0
7568,0
7569,0
7570,0
7571,0
7572,0
7573,0
7574,0
7575,2
7576,0
7577,0
7578,0
7579,0
7580,0
7581,0
7582,0
7583,0
7584,0
7585,1
7586,1
7587,1
7588,1
7589,1
7590,0
7591,0
7592,0
7593,0
7594,0
7595,0
7596,0
7597,0
7598,0
7599,1
7600,1
7601,1
7602,0
7603,0
7604,0
7605,0
7606,0
7607,0
7608,0
7609,0
7610,0
7611,0
7612,0
7613,0
7614,0
7615,0
7616,0
7617,0
7618,0
7619,0
7620,0
7621,0
7622,0
7623,1
7624,1
7625,1
7626,1
7627,0
7628,0
7629,0
7630,0
7631,0
7632,0
7633,0
7634,0
7635,1
7636,1
7637,0
7638,1
7639,1
7640,1
7641,0
7642,0
7643,0
7644,0
7645,0
7646,0
7647,0
7648,1
7649,1
7650,1
7651,2
7652,2
7653,1
7654,1
7655,0
7656,1
7657,1
7658,0
7659,0
7660,1
7661,1
7662,1
7663,1
7664,0
7665,0
7666,1
7667,0
7668,0
7669,0
7670,0
7671,0
7672,0
7673,1
7674,1
7675,1
7676,1
7677,0
7678,0
7679,0
7680,0
7681,0
7682,0
7683,1
7684,1
7685,1
7686,2
7687,1
7688,0
7689,0
7690,0
7691,0
7692,0
7693,0
7694,0
7695,1
7696,1
7697,1
7698,4
7699,3
7700,5
7701,0
7702,0
7703,0
7704,1
7705,0
7706,0
7707,0
7708,0
7709,0
7710,1
7711,2
7712,1
7713,1
7714,1
7715,1
7716,0
7717,1
7718,0
7719,0
7720,0
7721,0
7722,0
7723,0
7724,0
7725,0
7726,0
7727,0
7728,0
7729,0
7730,0
7731,0
7732,0
7733,0
7734,0
7735,0
7736,1
7737,1
7738,1
7739,2
7740,1
7741,2
7742,1
7743,1
7744,0
7745,1
7746,2
7747,3
7748,1
7749,2
7750,1
7751,2
7752,4
7753,1
7754,1
7755,1
7756,1
7757,1
7758,1
7759,3
7760,0
7761,0
7762,1
7763,0
7764,1
7765,0
7766,0
7767,0
7768,1
7769,1
7770,2
7771,1
7772,0
7773,1
7774,0
7775,0
7776,0
7777,2
7778,1
7779,1
7780,2
7781,2
7782,1
7783,1
7784,2
7785,1
7786,1
7787,2
7788,2
7789,1
7790,2
7791,2
7792,1
7793,1
7794,2
7795,2
7796,1
7797,0
7798,0
7799,0
7800,1
7801,0
7802,1
7803,1
7804,1
7805,2
7806,0
7807,1
7808,0
7809,1
7810,1
7811,0
7812,1
7813,0
7814,0
7815,0
7816,1
7817,0
7818,1
7819,1
7820,0
7821,1
7822,0
7823,1
7824,2
7825,3
7826,0
7827,2
7828,0
7829,1
7830,1
7831,1
7832,1
7833,1
7834,1
7835,1
7836,1
7837,2
7838,0
7839,1
7840,2
7841,1
7842,3
7843,0
7844,2
7845,0
7846,1
7847,1
7848,0
7849,1
7850,1
7851,1
7852,4
7853,1
7854,0
7855,1
7856,1
7857,1
7858,2
7859,1
7860,3
7861,4
7862,1
7863,1
7864,1
7865,1
7866,2
7867,2
7868,1
7869,2
7870,2
7871,3
7872,3
7873,1
7874,4
7875,0
7876,0
7877,0
7878,0
7879,0
7880,1
7881,1
7882,1
7883,1
7884,1
7885,1
7886,2
7887,0
7888,0
7889,0
7890,2
7891,0
7892,0
7893,0
7894,0
7895,0
7896,0
7897,0
7898,0
7899,0
7900,0
7901,0
7902,0
7903,0
7904,0
7905,0
7906,0
7907,2
7908,0
7909,0
7910,0
7911,0
7912,0
7913,0
7914,0
7915,0
7916,0
7917,1
7918,3
7919,2
7920,2
7921,0
7922,2
7923,1
7924,0
7925,1
7926,2
7927,0
7928,0
7929,1
7930,1
7931,1
7932,1
7933,1
7934,2
7935,1
7936,0
7937,0
7938,0
7939,0
7940,0
7941,0
7942,0
7943,0
7944,0
7945,0
7946,0
7947,0
7948,0
7949,0
7950,0
7951,0
7952,0
7953,0
7954,0
7955,0
7956,1
7957,1
7958,1
7959,0
7960,0
7961,1
7962,1
7963,0
7964,0
7965,0
7966,0
7967,0
7968,0
7969,0
7970,0
7971,0
7972,0
7973,0
7974,1
7975,0
7976,0
7977,1
7978,1
7979,1
7980,1
7981,1
7982,2
7983,3
7984,3
7985,3
7986,3
7987,3
7988,3
7989,3
7990,1
7991,3
7992,0
7993,1
7994,1
7995,1
7996,1
7997,0
7998,0
7999,0
8000,0
8001,0
8002,0
8003,0
8004,0
8005,0
8006,0
8007,0
8008,0
8009,0
8010,0
8011,0
8012,0
8013,0
8014,0
8015,0
8016,0
8017,0
8018,0
8019,0
8020,0
8021,0
8022,0
8023,0
8024,0
8025,0
8026,0
8027,0
8028,0
8029,0
8030,0
8031,0
8032,0
8033,0
8034,0
8035,0
8036,0
8037,0
8038,0
8039,0
8040,1
8041,0
8042,0
8043,0
8044,0
8045,0
8046,0
8047,0
8048,0
8049,0
8050,0
8051,0
8052,0
8053,0
8054,0
8055,0
8056,0
8057,0
8058,0
8059,0
8060,0
8061,0
8062,0
8063,1
8064,1
8065,1
8066,1
8067,0
8068,0
8069,0
8070,0
8071,0
8072,0
8073,0
8074,2
8075,1
8076,1
8077,2
8078,0
8079,1
8080,1
8081,1
8082,0
8083,1
8084,0
8085,1
8086,0
8087,1
8088,0
8089,1
8090,1
8091,0
8092,1
8093,1
8094,1
8095,1
8096,1
8097,1
8098,2
8099,1
8100,0
8101,0
8102,1
8103,0
8104,1
8105,2
8106,1
8107,0
8108,1
8109,0
8110,1
8111,1
8112,3
8113,0
8114,1
8115,1
8116,1
8117,1
8118,1
8119,1
8120,3
8121,3
8122,1
8123,1
8124,1
8125,1
8126,2
8127,1
8128,1
8129,1
8130,2
8131,3
8132,1
8133,1
8134,1
8135,2
8136,1
8137,1
8138,3
8139,1
8140,1
8141,1
8142,2
8143,2
8144,3
8145,0
8146,0
8147,0
8148,0
8149,0
8150,0
8151,0
8152,0
8153,0
8154,0
8155,0
8156,0
8157,1
8158,0
8159,0
8160,0
8161,0
8162,0
8163,0
8164,0
8165,0
8166,0
8167,0
8168,0
8169,0
8170,0
8171,1
8172,3
8173,2
8174,4
8175,0
8176,0
8177,0
8178,0
8179,0
8180,0
8181,0
8182,0
8183,0
8184,0
8185,0
8186,0
8187,0
8188,1
8189,1
8190,2
8191,1
8192,4
8193,5
8194,4
8195,3
8196,0
8197,1
8198,0
8199,1
8200,1
8201,1
8202,2
8203,0
8204,1
8205,1
8206,2
8207,1
8208,2
8209,3
8210,0
8211,1
8212,0
8213,1
8214,1
8215,2
8216,0
8217,1
8218,1
8219,0
8220,2
8221,1
8222,0
8223,0
8224,1
8225,0
8226,0
8227,1
8228,2
8229,1
8230,1
8231,2
8232,2
8233,2
8234,2
8235,1
8236,1
8237,2
8238,1
8239,0
8240,0
8241,0
8242,1
8243,1
8244,1
8245,1
8246,1
8247,1
8248,1
8249,6
8250,1
8251,1
8252,3
8253,1
8254,1
8255,0
8256,0
8257,1
8258,1
8259,0
8260,1
8261,1
8262,2
8263,2
8264,3
8265,1
8266,1
8267,2
8268,2
8269,3
8270,1
8271,2
8272,2
8273,1
8274,1
8275,2
8276,1
8277,1
8278,1
8279,0
8280,0
8281,1
8282,0
8283,1
8284,0
8285,0
8286,1
8287,1
8288,1
8289,0
8290,0
8291,0
8292,0
8293,0
8294,0
8295,0
8296,1
8297,0
8298,1
8299,1
8300,2
8301,2
8302,1
8303,0
8304,1
8305,2
8306,0
8307,1
8308,1
8309,3
8310,0
8311,1
8312,5
8313,2
8314,2
8315,2
8316,2
8317,2
8318,2
8319,2
8320,1
8321,2
8322,1
8323,1
8324,1
8325,1
8326,2
8327,1
8328,1
8329,1
8330,0
8331,1
8332,2
8333,3
8334,4
8335,1
8336,4
8337,1
8338,1
8339,0
8340,0
8341,0
8342,0
8343,0
8344,1
8345,1
8346,1
8347,1
8348,0
8349,1
8350,1
8351,3
8352,3
8353,1
8354,2
8355,4
8356,2
8357,2
8358,3
8359,0
8360,0
8361,0
8362,1
8363,2
8364,0
8365,1
8366,2
8367,0
8368,2
8369,2
8370,4
8371,2
8372,2
8373,2
8374,0
8375,0
8376,0
8377,0
8378,3
8379,3
8380,4
8381,2
8382,2
8383,5
8384,1
8385,3
8386,4
8387,2
8388,4
8389,2
8390,2
8391,2
8392,2
8393,2
8394,2
8395,2
8396,2
8397,2
8398,2
8399,2
8400,2
8401,2
8402,0
8403,1
8404,2
8405,1
8406,0
8407,4
8408,0
8409,0
8410,3
8411,3
8412,0
8413,0
8414,0
8415,0
8416,0
8417,0
8418,3
8419,1
8420,4
8421,1
8422,1
8423,1
8424,0
8425,0
8426,0
8427,0
8428,0
8429,0
8430,0
8431,0
8432,0
8433,0
8434,0
8435,0
8436,0
8437,0
8438,0
8439,1
8440,0
8441,1
8442,1
8443,3
8444,2
8445,0
8446,1
8447,0
8448,1
8449,0
8450,0
8451,0
8452,0
8453,0
8454,0
8455,0
8456,0
8457,0
8458,0
8459,0
8460,0
8461,0
8462,0
8463,0
8464,0
8465,0
8466,0
8467,0
8468,0
8469,0
8470,0
8471,0
8472,0
8473,0
8474,0
8475,0
8476,0
8477,0
8478,0
8479,0
8480,0
8481,0
8482,0
8483,0
8484,0
8485,0
8486,0
8487,0
8488,0
8489,0
8490,0
8491,0
8492,0
8493,0
8494,0
8495,0
8496,0
8497,1
8498,2
8499,1
8500,0
8501,1
8502,0
8503,1
8504,1
8505,0
8506,0
8507,0
8508,1
8509,1
8510,2
8511,1
8512,0
8513,1
8514,0
8515,1
8516,1
8517,1
8518,2
8519,3
8520,1
8521,1
8522,0
8523,1
8524,1
8525,0
8526,7
8527,1
8528,0
8529,0
8530,0
8531,0
8532,0
8533,0
8534,0
8535,0
8536,0
8537,0
8538,0
8539,0
8540,0
8541,0
8542,0
8543,0
8544,0
8545,1
8546,1
8547,0
8548,8
8549,1
8550,1
8551,1
8552,2
8553,1
8554,2
8555,0
8556,0
8557,0
8558,0
8559,0
8560,0
8561,0
8562,1
8563,1
8564,1
8565,1
8566,1
8567,1
8568,1
8569,1
8570,1
8571,0
8572,1
8573,1
8574,1
8575,1
8576,0
8577,1
8578,1
8579,2
8580,3
8581,1
8582,1
8583,2
8584,1
8585,2
8586,3
8587,1
8588,0
8589,0
8590,1
8591,0
8592,1
8593,2
8594,1
8595,1
8596,1
8597,1
8598,1
8599,0
8600,1
8601,1
8602,1
8603,1
8604,1
8605,1
8606,2
8607,3
8608,1
8609,2
8610,1
8611,1
8612,1
8613,1
8614,1
8615,1
8616,0
8617,1
8618,2
8619,1
8620,1
8621,1
8622,3
8623,1
8624,1
8625,0
8626,0
8627,0
8628,0
8629,0
8630,0
8631,2
8632,0
8633,0
8634,0
8635,0
8636,0
8637,0
8638,0
8639,0
8640,0
8641,0
8642,0
8643,0
8644,0
8645,0
8646,0
8647,0
8648,0
8649,0
8650,0
8651,0
8652,0
8653,0
8654,0
8655,0
8656,0
8657,0
8658,0
8659,0
8660,0
8661,0
8662,0
8663,0
8664,1
8665,0
8666,0
8667,0
8668,0
8669,0
8670,0
8671,0
8672,0
8673,0
8674,0
8675,0
8676,0
8677,0
8678,0
8679,0
8680,0
8681,0
8682,0
8683,0
8684,0
8685,1
8686,1
8687,0
8688,0
8689,0
8690,0
8691,0
8692,0
8693,0
8694,0
8695,0
8696,0
8697,0
8698,0
8699,0
8700,0
8701,0
8702,0
8703,0
8704,0
8705,0
8706,0
8707,0
8708,0
8709,0
8710,1
8711,0
8712,0
8713,0
8714,0
8715,0
8716,0
8717,0
8718,0
8719,0
8720,0
8721,0
8722,0
8723,1
8724,0
8725,0
8726,1
8727,1
8728,2
8729,1
8730,2
8731,1
8732,1
8733,0
8734,0
8735,0
8736,0
8737,0
8738,0
8739,0
8740,0
8741,1
8742,0
8743,1
8744,1
8745,1
8746,1
8747,1
8748,1
8749,1
8750,1
8751,1
8752,1
8753,1
8754,1
8755,2
8756,0
8757,0
8758,0
8759,0
8760,0
8761,0
8762,0
8763,0
8764,0
8765,0
8766,0
8767,0
8768,0
8769,0
8770,0
8771,0
8772,0
8773,0
8774,1
8775,2
8776,1
8777,1
8778,2
8779,2
8780,3
8781,0
8782,3
8783,1
8784,1
8785,1
8786,3
8787,0
8788,3
8789,0
8790,3
8791,1
8792,3
8793,1
8794,2
8795,2
8796,1
8797,2
8798,2
8799,1
8800,2
8801,2
8802,2
8803,2
8804,2
8805,1
8806,2
8807,2
8808,0
8809,2
8810,3
8811,3
8812,4
8813,5
8814,6
8815,0
8816,1
8817,2
8818,1
8819,1
8820,1
8821,1
8822,1
8823,1
8824,2
8825,0
8826,3
8827,3
8828,1
8829,1
8830,1
8831,1
8832,2
8833,1
8834,3
8835,0
8836,1
8837,2
8838,0
8839,1
8840,2
8841,3
8842,3
8843,2
8844,3
8845,1
8846,1
8847,1
8848,0
8849,3
8850,0
8851,1
8852,0
8853,3
8854,0
8855,3
8856,0
8857,1
8858,1
8859,1
8860,1
8861,1
8862,1
8863,1
8864,1
8865,1
8866,1
8867,1
8868,1
8869,1
8870,1
8871,1
8872,2
8873,2
8874,2
8875,2
8876,3
8877,2
8878,2
8879,3
8880,3
8881,3
8882,3
8883,3
8884,3
8885,3
8886,3
8887,3
8888,3
8889,3
8890,2
8891,3
8892,4
8893,5
8894,4
8895,0
8896,0
8897,0
8898,0
8899,0
8900,0
8901,0
8902,0
8903,0
8904,0
8905,0
8906,0
8907,0
8908,0
8909,0
8910,0
8911,0
8912,0
8913,0
8914,0
8915,0
8916,1
8917,0
8918,0
8919,0
8920,0
8921,0
8922,0
8923,0
8924,0
8925,0
8926,0
8927,0
8928,0
8929,0
8930,0
8931,0
8932,0
8933,0
8934,0
8935,0
8936,0
8937,1
8938,2
8939,1
8940,1
8941,0
8942,0
8943,0
8944,0
8945,0
8946,0
8947,0
8948,0
8949,0
8950,0
8951,0
8952,1
8953,0
8954,0
8955,0
8956,1
8957,0
8958,1
8959,2
8960,2
8961,2
8962,2
8963,1
8964,0
8965,1
8966,0
8967,0
8968,0
8969,0
8970,0
8971,0
8972,0
8973,0
8974,2
8975,0
8976,1
8977,0
8978,0
8979,0
8980,2
8981,1
8982,1
8983,1
8984,1
8985,0
8986,1
8987,0
8988,0
8989,0
8990,0
8991,0
8992,0
8993,0
8994,0
8995,0
8996,0
8997,0
8998,1
8999,1
9000,1
9001,1
9002,1
9003,1
9004,1
9005,0
9006,1
9007,0
9008,1
9009,1
9010,0
9011,0
9012,0
9013,0
9014,0
9015,0
9016,0
9017,0
9018,0
9019,0
9020,0
9021,0
9022,0
9023,0
9024,0
9025,0
9026,0
9027,0
9028,0
9029,0
9030,0
9031,0
9032,0
9033,0
9034,1
9035,0
9036,0
9037,1
9038,1
9039,1
9040,1
9041,1
9042,0
9043,1
9044,2
9045,0
9046,1
9047,2
9048,0
9049,0
9050,2
9051,0
9052,0
9053,1
9054,1
9055,0
9056,1
9057,2
9058,0
9059,0
9060,0
9061,0
9062,0
9063,1
9064,1
9065,0
9066,0
9067,0
9068,1
9069,1
9070,1
9071,1
9072,2
9073,0
9074,2
9075,1
9076,1
9077,2
9078,1
9079,2
9080,1
9081,1
9082,0
9083,1
9084,1
9085,1
9086,1
9087,1
9088,2
9089,1
9090,0
9091,0
9092,2
9093,0
9094,0
9095,2
9096,1
9097,1
9098,0
9099,2
9100,1
9101,1
9102,1
9103,1
9104,1
9105,1
9106,2
9107,1
9108,1
9109,1
9110,1
9111,1
9112,2
9113,1
9114,1
9115,1
9116,1
9117,1
9118,1
9119,1
9120,1
9121,1
9122,1
9123,0
9124,1
9125,1
9126,1
9127,1
9128,1
9129,2
9130,5
9131,0
9132,0
9133,0
9134,0
9135,0
9136,0
9137,0
9138,0
9139,0
9140,0
9141,0
9142,0
9143,0
9144,0
9145,3
9146,3
9147,3
9148,2
9149,3
9150,5
9151,1
9152,3
9153,2
9154,0
9155,0
9156,0
9157,0
9158,0
9159,0
9160,0
9161,0
9162,0
9163,0
9164,0
9165,0
9166,0
9167,0
9168,0
9169,0
9170,0
9171,0
9172,0
9173,0
9174,2
9175,2
9176,0
9177,2
9178,0
9179,1
9180,1
9181,1
9182,1
9183,1
9184,3
9185,4
9186,1
9187,1
9188,4
9189,0
9190,0
9191,0
9192,0
9193,0
9194,1
9195,4
9196,0
9197,0
9198,1
9199,3
9200,2
9201,0
9202,0
9203,0
9204,0
9205,0
9206,0
9207,0
9208,0
9209,0
9210,0
9211,2
9212,4
9213,5
9214,0
9215,1
9216,1
9217,0
9218,0
9219,1
9220,0
9221,0
9222,0
9223,0
9224,0
9225,1
9226,4
9227,0
9228,3
9229,4
9230,10
9231,4
9232,8
9233,6
9234,0
9235,9
9236,5
9237,0
9238,2
9239,2
9240,0
9241,2
9242,0
9243,2
9244,3
9245,1
9246,1
9247,1
9248,1
9249,0
9250,1
9251,2
9252,0
9253,1
9254,1
9255,2
9256,1
9257,2
9258,0
9259,2
9260,1
9261,2
9262,0
9263,1
9264,0
9265,5
9266,1
9267,1
9268,2
9269,3
9270,3
9271,1
9272,4
9273,5
9274,4
9275,1
9276,3
9277,6
9278,1
9279,3
9280,4
9281,0
9282,2
9283,4
9284,2
9285,2
9286,0
9287,2
9288,0
9289,4
9290,2
9291,1
9292,1
9293,1
9294,1
9295,6
9296,0
9297,1
9298,1
9299,3
9300,2
9301,2
9302,4
9303,5
9304,0
9305,0
9306,1
9307,1
9308,0
9309,0
9310,0
9311,1
9312,1
9313,2
9314,2
9315,0
9316,0
9317,1
9318,3
9319,0
9320,2
9321,2
9322,5
9323,2
9324,1
9325,1
9326,1
9327,2
9328,0
9329,0
9330,0
9331,0
9332,3
9333,4
9334,4
9335,2
9336,3
9337,4
9338,0
9339,2
9340,2
9341,0
9342,1
9343,2
9344,1
9345,2
9346,5
9347,0
9348,2
9349,0
9350,1
9351,0
9352,2
9353,3
9354,0
9355,1
9356,2
9357,3
9358,4
9359,1
9360,3
9361,3
9362,4
9363,5
9364,1
9365,2
9366,1
9367,1
9368,2
9369,1
9370,0
9371,5
9372,1
9373,2
9374,0
9375,2
9376,1
9377,1
9378,1
9379,0
9380,2
9381,1
9382,1
9383,1
9384,3
9385,1
9386,3
9387,3
9388,3
9389,0
9390,2
9391,2
9392,2
9393,1
9394,1
9395,1
9396,1
9397,1
9398,1
9399,1
9400,1
9401,1
9402,1
9403,1
9404,1
9405,1
9406,1
9407,1
9408,1
9409,2
9410,4
9411,2
9412,2
9413,3
9414,3
9415,2
9416,3
9417,3
9418,3
9419,0
9420,2
9421,2
9422,0
9423,0
9424,2
9425,0
9426,2
9427,0
9428,2
9429,0
9430,2
9431,0
9432,0
9433,2
9434,4
9435,2
9436,0
9437,0
9438,2
9439,0
9440,1
9441,1
9442,1
9443,1
9444,1
9445,1
9446,1
9447,0
9448,0
9449,0
9450,1
9451,0
9452,3
9453,2
9454,0
9455,1
9456,3
9457,5
9458,0
9459,4
9460,1
9461,2
9462,3
9463,0
9464,2
9465,0
9466,6
9467,1
9468,0
9469,0
9470,0
9471,5
9472,1
9473,2
9474,1
9475,1
9476,1
9477,5
9478,1
9479,1
9480,2
9481,1
9482,0
9483,4
9484,1
9485,4
9486,2
9487,3
9488,4
9489,1
9490,5
9491,4
9492,0
9493,1
9494,1
9495,1
9496,2
9497,2
9498,2
9499,2
9500,2
9501,2
9502,2
9503,2
9504,1
9505,1
9506,2
9507,2
9508,1
9509,1
9510,2
9511,2
9512,1
9513,1
9514,0
9515,1
9516,2
9517,2
9518,4
9519,0
9520,0
9521,0
9522,0
9523,0
9524,0
9525,0
9526,2
9527,2
9528,2
9529,2
9530,2
9531,2
9532,2
9533,0
9534,0
9535,0
9536,0
9537,0
9538,0
9539,0
9540,0
9541,0
9542,0
9543,1
9544,0
9545,0
9546,0
9547,1
9548,1
9549,1
9550,0
9551,0
9552,0
9553,0
9554,0
9555,0
9556,0
9557,0
9558,0
9559,0
9560,0
9561,3
9562,1
9563,0
9564,0
9565,0
9566,1
9567,2
9568,1
9569,1
9570,1
9571,2
9572,0
9573,3
9574,0
9575,0
9576,0
9577,0
9578,0
9579,0
9580,0
9581,0
9582,0
9583,0
9584,5
9585,4
9586,4
9587,1
9588,1
9589,1
9590,1
9591,1
9592,1
9593,1
9594,2
9595,3
9596,1
9597,2
9598,3
9599,3
9600,3
9601,4
9602,4
9603,4
9604,5
9605,2
9606,1
9607,1
9608,1
9609,1
9610,1
9611,1
9612,1
9613,1
9614,3
9615,1
9616,1
9617,1
9618,4
9619,3
9620,1
9621,2
9622,1
9623,2
9624,2
9625,2
9626,2
9627,2
9628,2
9629,2
9630,2
9631,2
9632,2
9633,2
9634,2
9635,2
9636,2
9637,2
9638,1
9639,1
9640,4
9641,4
9642,1
9643,1
9644,2
9645,3
9646,2
9647,5
9648,5
9649,4
9650,1
9651,3
9652,5
9653,2
9654,0
9655,3
9656,0
9657,0
9658,2
9659,0
9660,1
9661,0
9662,0
9663,0
9664,0
9665,0
9666,0
9667,0
9668,1
9669,2
9670,2
9671,3
9672,2
9673,3
9674,5
9675,3
9676,4
9677,3
9678,1
9679,1
9680,3
9681,4
9682,1
9683,2
9684,3
9685,3
9686,3
9687,1
9688,1
9689,2
9690,2
9691,2
9692,2
9693,1
9694,1
9695,3
9696,1
9697,3
9698,3
9699,2
9700,1
9701,2
9702,2
9703,3
9704,5
9705,2
9706,2
9707,0
9708,2
9709,2
9710,1
9711,2
9712,0
9713,0
9714,1
9715,0
9716,1
9717,1
9718,0
9719,2
9720,3
9721,4
9722,3
9723,4
9724,2
9725,2
9726,3
9727,5
9728,5
9729,6
9730,2
9731,2
9732,4
9733,5
9734,5
9735,5
9736,6
9737,5
9738,5
9739,6
9740,1
9741,4
9742,5
9743,5
9744,1
9745,3
9746,5
9747,5
9748,1
9749,4
9750,2
9751,2
9752,5
9753,2
9754,2
9755,1
9756,2
9757,5
9758,1
9759,1
9760,1
9761,1
9762,1
9763,1
9764,2
9765,2
9766,1
9767,1
9768,1
9769,1
9770,1
9771,1
9772,1
9773,1
9774,4
9775,2
9776,5
9777,1
9778,2
9779,3
9780,2
9781,2
9782,4
9783,4
9784,1
9785,2
9786,3
9787,4
9788,4
9789,0
9790,2
9791,5
9792,2
9793,4
9794,4
9795,1
9796,2
9797,0
9798,4
9799,2
9800,0
9801,1
9802,2
9803,2
9804,0
9805,0
9806,1
9807,2
9808,0
9809,2
9810,1
9811,0
9812,1
9813,0
9814,0
9815,1
9816,0
9817,1
9818,1
9819,2
9820,2
9821,2
9822,2
9823,3
9824,3
9825,2
9826,3
9827,3
9828,2
9829,2
9830,2
9831,3
9832,4
9833,3
9834,4
9835,5
9836,6
9837,2
9838,5
9839,2
9840,5
9841,2
9842,0
9843,0
9844,0
9845,0
9846,0
9847,0
9848,0
9849,0
9850,0
9851,0
9852,0
9853,0
9854,0
9855,0
9856,0
9857,0
9858,0
9859,0
9860,1
9861,0
9862,0
9863,0
9864,0
9865,0
9866,0
9867,0
9868,0
9869,0
9870,0
9871,0
9872,0
9873,0
9874,0
9875,0
9876,0
9877,0
9878,0
9879,0
9880,0
9881,0
9882,0
9883,0
9884,0
9885,0
9886,0
9887,0
9888,0
9889,0
9890,0
9891,0
9892,0
9893,0
9894,0
9895,0
9896,0
9897,0
9898,0
9899,1
9900,1
9901,2
9902,0
9903,0
9904,0
9905,0
9906,0
9907,0
9908,0
9909,0
9910,0
9911,0
9912,0
9913,0
9914,0
9915,0
9916,0
9917,0
9918,0
9919,0
9920,0
9921,0
9922,0
9923,0
9924,0
9925,0
9926,0
9927,0
9928,0
9929,0
9930,0
9931,0
9932,0
9933,0
9934,0
9935,0
9936,0
9937,0
9938,0
9939,0
9940,1
9941,0
9942,0
9943,0
9944,0
9945,0
9946,0
9947,0
9948,0
9949,0
9950,0
9951,0
9952,0
9953,0
9954,0
9955,0
9956,0
9957,0
9958,0
9959,0
9960,0
9961,0
9962,0
9963,0
9964,0
9965,0
9966,0
9967,0
9968,0
9969,0
9970,0
9971,0
9972,0
9973,0
9974,0
9975,0
9976,1
9977,0
9978,0
9979,0
9980,0
9981,0
9982,2
9983,3
9984,0
9985,0
9986,0
9987,0
9988,0
9989,0
9990,0
9991,0
9992,0
9993,0
9994,0
9995,0
9996,0
9997,0
9998,0
9999,0
10000,0
10001,0
10002,1
10003,1
10004,0
10005,0
10006,0
10007,0
10008,0
10009,0
10010,0
10011,0
10012,0
10013,1
10014,0
10015,1
10016,0
10017,0
10018,0
10019,0
10020,0
10021,0
10022,0
10023,3
10024,1
10025,0
10026,0
10027,0
10028,0
10029,0
10030,0
10031,0
10032,0
10033,0
10034,0
10035,0
10036,1
10037,1
10038,2
10039,2
10040,1
10041,2
10042,1
10043,3
10044,0
10045,1
10046,1
10047,0
10048,1
10049,0
10050,1
10051,2
10052,1
10053,1
10054,2
10055,0
10056,1
10057,0
10058,1
10059,1
10060,0
10061,0
10062,0
10063,0
10064,0
10065,0
10066,1
10067,0
10068,0
10069,0
10070,0
10071,0
10072,0
10073,0
10074,0
10075,0
10076,1
10077,2
10078,2
10079,2
10080,0
10081,0
10082,0
10083,0
10084,0
10085,0
10086,0
10087,0
10088,0
10089,0
10090,1
10091,6
10092,2
10093,3
10094,1
10095,3
10096,0
10097,0
10098,0
10099,0
10100,0
10101,1
10102,2
10103,1
10104,3
10105,4
10106,1
10107,0
10108,1
10109,1
10110,2
10111,3
10112,4
10113,1
10114,3
10115,4
10116,2
10117,0
10118,0
10119,0
10120,0
10121,2
10122,0
10123,0
10124,0
10125,0
10126,0
10127,0
10128,0
10129,0
10130,0
10131,0
10132,0
10133,0
10134,0
10135,0
10136,0
10137,0
10138,0
10139,0
10140,0
10141,0
10142,0
10143,1
10144,1
10145,1
10146,1
10147,1
10148,1
10149,1
10150,1
10151,1
10152,1
10153,1
10154,0
10155,0
10156,0
10157,0
10158,0
10159,0
10160,0
10161,0
10162,1
10163,0
10164,0
10165,0
10166,0
10167,0
10168,0
10169,0
10170,1
10171,0
10172,0
10173,0
10174,1
10175,1
10176,1
10177,2
10178,1
10179,0
10180,0
10181,0
10182,0
10183,0
10184,0
10185,0
10186,0
10187,0
10188,0
10189,1
10190,2
10191,1
10192,2
10193,2
10194,3
10195,1
10196,2
10197,2
10198,3
10199,4
10200,4
10201,1
10202,1
10203,0
10204,0
10205,0
10206,1
10207,0
10208,1
10209,1
10210,0
10211,0
10212,0
10213,2
10214,1
10215,1
10216,0
10217,0
10218,0
10219,0
10220,0
10221,0
10222,1
10223,1
10224,2
10225,3
10226,1
10227,1
10228,2
10229,0
10230,1
10231,1
10232,0
10233,1
10234,0
10235,3
10236,0
10237,1
10238,3
10239,1
10240,1
10241,0
10242,2
10243,1
10244,1
10245,0
10246,1
10247,2
10248,1
10249,2
10250,2
10251,2
10252,1
10253,2
10254,1
10255,1
10256,1
10257,1
10258,1
10259,1
10260,1
10261,1
10262,1
10263,1
10264,1
10265,1
10266,2
10267,3
10268,1
10269,1
10270,2
10271,1
10272,1
10273,2
10274,1
10275,1
10276,0
10277,0
10278,0
10279,0
10280,0
10281,0
10282,0
10283,0
10284,0
10285,0
10286,0
10287,0
10288,1
10289,1
10290,0
10291,0
10292,0
10293,0
10294,0
10295,0
10296,0
10297,0
10298,0
10299,0
10300,0
10301,0
10302,0
10303,0
10304,0
10305,0
10306,0
10307,0
10308,0
10309,0
10310,0
10311,0
10312,0
10313,0
10314,0
10315,0
10316,0
10317,0
10318,0
10319,0
10320,0
10321,0
10322,0
10323,1
10324,1
10325,1
10326,1
10327,1
10328,1
10329,0
10330,0
10331,0
10332,0
10333,0
10334,0
10335,0
10336,0
10337,0
10338,0
10339,2
10340,0
10341,1
10342,0
10343,0
10344,1
10345,0
10346,0
10347,0
10348,0
10349,0
10350,0
10351,0
10352,0
10353,1
10354,0
10355,1
10356,1
10357,1
10358,0
10359,1
10360,2
10361,1
10362,2
10363,3
10364,1
10365,1
10366,1
10367,1
10368,0
10369,0
10370,0
10371,2
10372,0
10373,1
10374,1
10375,1
10376,0
10377,0
10378,1
10379,0
10380,1
10381,1
10382,0
10383,1
10384,1
10385,1
10386,0
10387,1
10388,1
10389,2
10390,2
10391,2
10392,2
10393,2
10394,2
10395,2
10396,2
10397,1
10398,1
10399,1
10400,1
10401,0
10402,1
10403,0
10404,0
10405,0
10406,0
10407,1
10408,2
10409,0
10410,2
10411,2
10412,1
10413,2
10414,3
10415,3
10416,1
10417,1
10418,1
10419,2
10420,0
10421,1
10422,1
10423,1
10424,0
10425,1
10426,2
10427,0
10428,0
10429,2
10430,0
10431,1
10432,2
10433,1
10434,1
10435,2
10436,3
10437,0
10438,1
10439,1
10440,0
10441,1
10442,0
10443,1
10444,0
10445,1
10446,1
10447,1
10448,1
10449,2
10450,2
10451,0
10452,1
10453,1
10454,0
10455,0
10456,0
10457,1
10458,2
10459,2
10460,2
10461,2
10462,2
10463,2
10464,2
10465,3
10466,1
10467,2
10468,2
10469,2
10470,1
10471,3
10472,1
10473,1
10474,1
10475,1
10476,1
10477,1
10478,1
10479,1
10480,1
10481,2
10482,0
10483,0
10484,0
10485,0
10486,0
10487,0
10488,0
10489,0
10490,0
10491,0
10492,0
10493,1
10494,0
10495,0
10496,0
10497,0
10498,0
10499,1
10500,0
10501,0
10502,0
10503,0
10504,0
10505,0
10506,0
10507,0
10508,0
10509,0
10510,0
10511,0
10512,0
10513,0
10514,0
10515,0
10516,0
10517,1
10518,1
10519,0
10520,0
10521,0
10522,0
10523,0
10524,0
10525,0
10526,0
10527,0
10528,0
10529,0
10530,2
10531,0
10532,0
10533,1
10534,1
10535,1
10536,1
10537,1
10538,1
10539,1
10540,1
10541,1
10542,0
10543,0
10544,0
10545,0
10546,0
10547,0
10548,0
10549,0
10550,0
10551,0
10552,0
10553,1
10554,0
10555,0
10556,0
10557,0
10558,0
10559,0
10560,0
10561,0
10562,0
10563,1
10564,0
10565,0
10566,0
10567,0
10568,0
10569,0
10570,0
10571,0
10572,0
10573,0
10574,0
10575,0
10576,0
10577,0
10578,0
10579,0
10580,0
10581,0
10582,0
10583,0
10584,0
10585,0
10586,0
10587,0
10588,0
10589,0
10590,0
10591,2
10592,0
10593,1
10594,1
10595,1
10596,1
10597,1
10598,1
10599,1
10600,1
10601,1
10602,1
10603,1
10604,1
10605,1
10606,1
10607,1
10608,1
10609,1
10610,1
10611,1
10612,1
10613,1
10614,0
10615,0
10616,0
10617,0
10618,1
10619,1
10620,1
10621,1
10622,1
10623,1
10624,0
10625,1
10626,1
10627,0
10628,1
10629,1
10630,2
10631,1
10632,3
10633,3
10634,4
10635,2
10636,3
10637,4
10638,2
10639,1
10640,3
10641,2
10642,0
10643,1
10644,1
10645,2
10646,2
10647,1
10648,2
10649,1
10650,1
10651,2
10652,2
10653,1
10654,1
10655,1
10656,1
10657,2
10658,0
10659,1
10660,1
10661,0
10662,1
10663,2
10664,0
10665,1
10666,1
10667,1
10668,1
10669,0
10670,1
10671,2
10672,2
10673,0
10674,1
10675,2
10676,0
10677,1
10678,1
10679,2
10680,1
10681,2
10682,1
10683,1
10684,2
10685,2
10686,3
10687,4
10688,0
10689,1
10690,1
10691,2
10692,1
10693,2
10694,2
10695,1
10696,1
10697,1
10698,1
10699,1
10700,2
10701,2
10702,1
10703,2
10704,0
10705,0
10706,0
10707,0
10708,0
10709,0
10710,2
10711,2
10712,2
10713,0
10714,3
10715,1
10716,1
10717,2
10718,2
10719,3
10720,1
10721,3
10722,2
10723,1
10724,0
10725,1
10726,3
10727,1
10728,2
10729,1
10730,2
10731,2
10732,1
10733,1
10734,0
10735,0
10736,0
10737,0
10738,0
10739,0
10740,2
10741,2
10742,0
10743,3
10744,3
10745,0
10746,1
10747,4
10748,2
10749,0
10750,0
10751,0
10752,2
10753,2
10754,2
10755,1
10756,2
10757,1
10758,0
10759,0
10760,1
10761,1
10762,1
10763,1
10764,0
10765,0
10766,0
10767,0
10768,0
10769,1
10770,1
10771,1
10772,1
10773,1
10774,1
10775,0
10776,0
10777,0
10778,2
10779,0
10780,1
10781,1
10782,1
10783,1
10784,1
10785,0
10786,0
10787,1
10788,1
10789,1
10790,1
10791,2
10792,3
10793,4
10794,4
10795,1
10796,1
10797,1
10798,2
10799,2
10800,0
10801,0
10802,0
10803,0
10804,0
10805,3
10806,4
10807,4
10808,2
10809,3
10810,3
10811,4
10812,3
10813,2
10814,1
10815,2
10816,3
10817,1
10818,1
10819,0
10820,0
10821,0
10822,0
10823,0
10824,0
10825,0
10826,1
10827,1
10828,3
10829,4
10830,1
10831,2
10832,2
10833,3
10834,2
10835,0
10836,0
10837,0
10838,0
10839,0
10840,0
10841,0
10842,0
10843,0
10844,0
10845,0
10846,0
10847,0
10848,0
10849,0
10850,1
10851,1
10852,1
10853,0
10854,0
10855,0
10856,0
10857,0
10858,0
10859,0
10860,0
10861,0
10862,0
10863,0
10864,0
10865,0
10866,0
10867,0
10868,1
10869,2
10870,1
10871,2
10872,3
10873,3
10874,3
10875,3
10876,1
10877,1
10878,1
10879,1
10880,1
10881,0
10882,0
10883,0
10884,1
10885,1
10886,2
10887,0
10888,2
10889,0
10890,0
10891,0
10892,0
10893,0
10894,0
10895,0
10896,0
10897,3
10898,3
10899,0
10900,0
10901,1
10902,3
10903,3
10904,3
10905,3
10906,3
10907,3
10908,3
10909,3
10910,3
10911,1
10912,1
10913,4
10914,3
10915,4
10916,5
10917,6
10918,3
10919,3
10920,3
10921,3
10922,0
10923,0
10924,0
10925,0
10926,0
10927,0
10928,2
10929,6
10930,4
10931,0
10932,3
10933,3
10934,3
10935,4
10936,5
10937,0
10938,0
10939,0
10940,0
10941,0
10942,0
10943,4
10944,4
10945,6
10946,3
10947,5
10948,0
10949,4
10950,3
10951,3
10952,3
10953,3
10954,3
10955,1
10956,4
10957,0
10958,0
10959,0
10960,0
10961,0
10962,0
10963,0
10964,0
10965,0
10966,0
10967,0
10968,0
10969,0
10970,0
10971,0
10972,0
10973,0
10974,0
10975,0
10976,1
10977,2
10978,1
10979,1
10980,0
10981,0
10982,0
10983,0
10984,0
10985,0
10986,0
10987,0
10988,0
10989,0
10990,0
10991,0
10992,0
10993,0
10994,0
10995,0
10996,0
10997,0
10998,1
10999,1
11000,2
11001,0
11002,0
11003,1
11004,2
11005,1
11006,2
11007,0
11008,0
11009,0
11010,0
11011,0
11012,0
11013,0
11014,0
11015,0
11016,0
11017,0
11018,0
11019,0
11020,0
11021,0
11022,0
11023,0
11024,0
11025,0
11026,0
11027,0
11028,0
11029,0
11030,0
11031,0
11032,0
11033,0
11034,0
11035,0
11036,0
11037,0
11038,0
11039,0
11040,0
11041,0
11042,0
11043,0
11044,0
11045,0
11046,0
11047,0
11048,0
11049,0
11050,0
11051,1
11052,1
11053,1
11054,0
11055,0
11056,1
11057,1
11058,1
11059,1
11060,1
11061,1
11062,0
11063,0
11064,0
11065,0
11066,0
11067,2
11068,3
11069,3
11070,1
11071,0
11072,0
11073,0
11074,0
11075,0
11076,0
11077,0
11078,0
11079,0
11080,0
11081,0
11082,0
11083,0
11084,0
11085,0
11086,0
11087,0
11088,0
11089,0
11090,0
11091,0
11092,0
11093,0
11094,0
11095,0
11096,0
11097,0
11098,0
11099,0
11100,3
11101,3
11102,3
11103,3
11104,3
11105,3
11106,3
11107,3
11108,3
11109,3
11110,3
11111,3
11112,3
11113,1
11114,1
11115,1
11116,1
11117,1
11118,1
11119,1
11120,3
11121,3
11122,3
11123,3
11124,4
11125,1
11126,1
11127,1
11128,3
11129,3
11130,1
11131,1
11132,1
11133,4
11134,3
11135,3
11136,3
11137,3
11138,4
11139,3
11140,3
11141,1
11142,1
11143,1
11144,1
11145,1
11146,1
11147,0
11148,1
11149,1
11150,1
11151,1
11152,1
11153,1
11154,4
11155,1
11156,1
11157,1
11158,2
11159,0
11160,1
11161,1
11162,1
11163,1
11164,3
11165,4
11166,2
11167,1
11168,1
11169,4
11170,4
11171,4
11172,1
11173,0
11174,4
11175,1
11176,2
11177,3
11178,3
11179,1
11180,3
11181,3
11182,3
11183,3
11184,3
11185,3
11186,3
11187,3
11188,3
11189,4
11190,0
11191,4
11192,2
11193,1
11194,1
11195,2
11196,1
11197,1
11198,1
11199,1
11200,1
11201,1
11202,1
11203,1
11204,1
11205,1
11206,4
11207,1
11208,1
11209,1
11210,1
11211,1
11212,3
11213,3
11214,1
11215,1
11216,1
11217,1
11218,1
11219,1
11220,3
11221,1
11222,1
11223,1
11224,1
11225,1
11226,1
11227,1
11228,0
11229,3
11230,1
11231,1
11232,1
11233,1
11234,1
11235,2
11236,2
11237,1
11238,1
11239,0
11240,0
11241,0
11242,0
11243,1
11244,1
11245,1
11246,3
11247,2
11248,1
11249,1
11250,1
11251,1
11252,1
11253,1
11254,1
11255,1
11256,1
11257,1
11258,1
11259,1
11260,1
11261,1
11262,1
11263,1
11264,1
11265,1
11266,1
11267,1
11268,1
11269,1
11270,0
11271,0
11272,0
11273,0
11274,0
11275,0
11276,0
11277,0
11278,0
11279,1
11280,1
11281,1
11282,1
11283,1
11284,1
11285,1
11286,1
11287,0
11288,0
11289,0
11290,0
11291,0
11292,0
11293,0
11294,0
11295,0
11296,0
11297,0
11298,0
11299,0
11300,0
11301,0
11302,0
11303,0
11304,0
11305,0
11306,0
11307,0
11308,0
11309,0
11310,0
11311,0
11312,0
11313,0
11314,0
11315,0
11316,0
11317,0
11318,0
11319,0
11320,0
11321,0
11322,0
11323,0
11324,0
11325,0
11326,0
11327,0
11328,0
11329,0
11330,0
11331,0
11332,4
11333,3
11334,0
11335,0
11336,0
11337,0
11338,4
11339,0
11340,0
11341,0
11342,0
11343,0
11344,3
11345,3
11346,3
