PRIO,WRID,SRC,HRU
1,186,3,462
2,74,3,504
3,74,3,736
4,74,3,737
5,74,3,1043
6,79,3,2886
7,79,3,3216
8,82,3,598
9,82,3,599
10,82,3,659
11,82,3,776
12,82,3,833
13,91,3,3117
14,202,3,3036
15,88,3,584
16,88,3,651
17,88,3,729
18,88,3,749
19,88,3,750
20,88,3,867
21,88,3,891
22,229,3,3289
23,124,3,1856
24,124,3,1857
25,124,3,1859
26,124,3,1860
27,124,3,1861
28,124,3,1875
29,124,3,1876
30,124,3,1908
31,124,3,1909
32,124,3,1939
33,124,3,2083
34,124,3,2084
35,124,3,2085
36,124,3,2086
37,124,3,2163
38,124,3,2164
39,124,3,2168
40,124,3,2169
41,124,3,2218
42,124,3,2263
43,124,3,2265
44,124,3,2266
45,124,3,2295
46,124,3,2322
47,124,3,2323
48,124,3,2327
49,124,3,2328
50,124,3,2434
51,124,3,2435
52,124,3,2466
53,124,3,2513
54,124,3,2515
55,124,3,2533
56,124,3,2542
57,238,3,1872
58,238,3,2128
59,238,3,2192
60,238,3,2291
61,238,3,2292
62,238,3,2370
63,238,3,2371
64,238,3,2372
65,238,3,2373
66,238,3,2400
67,238,3,2402
68,238,3,2404
69,238,3,2516
70,238,3,2518
71,238,3,2523
72,105,3,1169
73,217,3,3409
74,116,3,1219
75,116,3,1233
76,116,3,1462
77,116,3,1471
78,116,3,1507
79,116,3,1729
80,127,3,3047
81,127,3,3071
82,127,3,3081
83,127,3,3292
84,127,3,3397
85,230,3,216
86,230,3,217
87,230,3,288
88,230,3,292
89,230,3,309
90,230,3,310
91,230,3,312
92,230,3,313
93,230,3,326
94,230,3,392
95,230,3,393
96,230,3,394
97,230,3,410
98,230,3,420
99,230,3,454
100,128,3,2286
101,128,3,2350
102,140,3,2246
103,140,3,2351
104,83,3,590
105,94,3,507
106,94,3,511
107,94,3,789
108,94,3,791
109,94,3,797
110,94,3,838
111,94,3,1062
112,94,3,1069
113,89,3,537
114,89,3,578
115,89,3,604
116,89,3,605
117,89,3,622
118,89,3,806
119,89,3,849
120,89,3,869
121,89,3,872
122,111,3,1106
123,111,3,1771
124,111,3,1781
125,85,3,2819
126,85,3,2820
127,114,3,1176
128,114,3,1177
129,114,3,1182
130,114,3,1183
131,114,3,1211
132,114,3,1216
133,114,3,1222
134,114,3,1223
135,114,3,1265
136,114,3,1325
137,114,3,1357
138,114,3,1741
139,114,3,1847
140,99,3,1212
141,99,3,1246
142,99,3,1326
143,99,3,1410
144,99,3,1426
145,99,3,1706
146,99,3,1707
147,99,3,1708
148,99,3,1772
149,99,3,1802
150,100,3,2149
151,100,3,2473
152,87,3,1192
153,87,3,1193
154,87,3,1290
155,106,3,538
156,106,3,548
157,106,3,620
158,106,3,760
159,122,3,6
160,122,3,7
161,122,3,8
162,122,3,9
163,122,3,39
164,122,3,65
165,122,3,66
166,122,3,69
167,122,3,74
168,122,3,84
169,122,3,85
170,122,3,142
171,122,3,143
172,122,3,215
173,122,3,267
174,122,3,268
175,122,3,272
176,122,3,327
177,122,3,366
178,122,3,368
179,122,3,370
180,122,3,407
181,122,3,408
182,122,3,409
183,122,3,423
184,122,3,480
185,122,3,484
186,122,3,485
187,108,3,96
188,98,3,1715
189,120,3,3002
190,120,3,3403
191,109,3,127
192,109,3,481
193,86,3,3042
194,86,3,3076
195,86,3,3126
196,86,3,3281
197,129,3,1978
198,129,3,2247
199,129,3,2529
200,126,3,444
201,139,3,799
202,118,3,616
203,118,3,617
204,118,3,654
205,118,3,676
206,118,3,677
207,118,3,843
208,182,3,555
209,182,3,596
210,182,3,597
211,182,3,601
212,182,3,603
213,182,3,639
214,182,3,679
215,182,3,680
216,182,3,740
217,182,3,756
218,182,3,812
219,182,3,813
220,182,3,815
221,182,3,893
222,182,3,910
223,182,3,911
224,182,3,947
225,182,3,960
226,182,3,988
227,182,3,1053
228,182,3,1054
229,182,3,1055
230,182,3,1056
231,182,3,1058
232,182,3,1059
233,130,3,1084
234,130,3,1431
235,130,3,1432
236,130,3,1463
237,130,3,1473
238,130,3,1713
239,130,3,1725
240,130,3,1739
241,141,3,2376
242,135,3,3083
243,135,3,3120
244,125,3,1490
245,133,3,479
246,119,3,94
247,180,3,1179
248,180,3,1476
249,180,3,1701
250,144,3,98
251,144,3,99
252,144,3,247
253,153,3,1189
254,153,3,1302
255,153,3,1726
256,153,3,1753
257,153,3,1760
258,153,3,1767
259,145,3,2179
260,145,3,2268
261,145,3,2657
262,132,3,533
263,132,3,534
264,132,3,552
265,132,3,576
266,132,3,577
267,132,3,579
268,132,3,632
269,132,3,695
270,132,3,790
271,132,3,792
272,132,3,798
273,132,3,836
274,132,3,1063
275,132,3,1064
276,132,3,1065
277,132,3,1066
278,132,3,1067
279,184,3,2683
280,184,3,2687
281,184,3,2692
282,184,3,3027
283,184,3,3405
284,239,3,1985
285,239,3,2087
286,239,3,2130
287,239,3,2131
288,239,3,2133
289,239,3,2170
290,239,3,2171
291,239,3,2264
292,239,3,2397
293,239,3,2399
294,239,3,2401
295,239,3,2438
296,239,3,2439
297,239,3,2444
298,239,3,2480
299,239,3,2494
300,239,3,2512
301,239,3,2517
302,239,3,2522
303,239,3,2553
304,1,3,788
305,1,3,810
306,1,3,827
307,1,3,873
308,1,3,898
309,147,3,2091
310,147,3,2498
311,147,3,2963
312,147,3,2997
313,147,3,2999
314,147,3,3143
315,147,3,3197
316,147,3,3209
317,147,3,3211
318,147,3,3363
319,147,3,3364
320,220,3,546
321,220,3,547
322,220,3,621
323,220,3,794
324,220,3,795
325,220,3,800
326,220,3,811
327,231,3,1093
328,231,3,1094
329,231,3,1095
330,231,3,1097
331,231,3,1098
332,231,3,1099
333,231,3,1100
334,231,3,1101
335,231,3,1102
336,231,3,1262
337,231,3,1355
338,231,3,1356
339,231,3,1381
340,231,3,1405
341,231,3,1451
342,231,3,1453
343,231,3,1454
344,231,3,1459
345,231,3,1460
346,231,3,1550
347,231,3,1627
348,231,3,1631
349,231,3,1633
350,231,3,1635
351,231,3,1679
352,231,3,1680
353,231,3,1684
354,231,3,1686
355,231,3,1693
356,231,3,1704
357,231,3,1716
358,134,3,3442
359,148,3,204
360,148,3,355
361,148,3,357
362,148,3,474
363,240,3,1942
364,240,3,2495
365,142,3,505
366,142,3,565
367,142,3,663
368,142,3,687
369,142,3,688
370,142,3,692
371,142,3,700
372,142,3,722
373,142,3,764
374,142,3,765
375,142,3,889
376,142,3,949
377,142,3,952
378,209,3,3402
379,212,3,2681
380,212,3,2823
381,212,3,2824
382,212,3,2938
383,212,3,3073
384,178,3,847
385,178,3,1184
386,178,3,1185
387,178,3,1266
388,178,3,1267
389,178,3,1349
390,178,3,1385
391,178,3,1386
392,178,3,1398
393,178,3,1399
394,178,3,1400
395,178,3,1464
396,178,3,1475
397,178,3,1483
398,178,3,1719
399,178,3,2686
400,178,3,2835
401,178,3,3079
402,178,3,3282
403,200,3,2678
404,200,3,2679
405,200,3,2680
406,200,3,2803
407,200,3,2825
408,200,3,2920
409,200,3,2923
410,200,3,2976
411,200,3,2979
412,200,3,3010
413,200,3,3013
414,200,3,3014
415,200,3,3066
416,200,3,3067
417,200,3,3069
418,200,3,3178
419,200,3,3180
420,200,3,3343
421,200,3,3370
422,225,3,2674
423,225,3,2802
424,225,3,2826
425,225,3,2837
426,225,3,2838
427,225,3,2921
428,225,3,2940
429,225,3,2977
430,225,3,3009
431,225,3,3011
432,225,3,3080
433,225,3,3326
434,225,3,3327
435,225,3,3377
436,225,3,3416
437,149,3,223
438,188,3,1172
439,188,3,1178
440,188,3,1379
441,188,3,1714
442,188,3,1751
443,158,3,205
444,158,3,208
445,158,3,210
446,158,3,352
447,158,3,354
448,158,3,356
449,158,3,358
450,2,3,3025
451,2,3,3084
452,2,3,3182
453,2,3,3183
454,187,3,521
455,187,3,648
456,191,3,519
457,191,3,542
458,191,3,586
459,191,3,587
460,191,3,609
461,191,3,634
462,177,3,3408
463,197,3,506
464,197,3,508
465,197,3,515
466,197,3,517
467,197,3,518
468,197,3,611
469,197,3,704
470,197,3,705
471,197,3,706
472,197,3,708
473,197,3,709
474,197,3,761
475,197,3,762
476,197,3,772
477,197,3,781
478,197,3,782
479,197,3,793
480,197,3,803
481,197,3,804
482,197,3,825
483,197,3,884
484,197,3,942
485,4,3,985
486,234,3,531
487,6,3,1863
488,6,3,1864
489,6,3,1865
490,6,3,1867
491,6,3,1868
492,6,3,1873
493,6,3,1874
494,6,3,1941
495,6,3,1979
496,6,3,1986
497,6,3,2129
498,6,3,2132
499,6,3,2166
500,6,3,2325
501,6,3,2436
502,6,3,2440
503,6,3,2441
504,6,3,2485
505,6,3,2503
506,6,3,2572
507,6,3,2604
508,6,3,2627
509,5,3,1902
510,5,3,1955
511,5,3,1960
512,5,3,1962
513,5,3,1963
514,5,3,1964
515,5,3,1988
516,5,3,1989
517,5,3,2119
518,5,3,2121
519,5,3,2122
520,5,3,2123
521,5,3,2136
522,5,3,2185
523,5,3,2186
524,5,3,2187
525,5,3,2244
526,5,3,2364
527,5,3,2365
528,5,3,2366
529,5,3,2367
530,5,3,2368
531,5,3,2369
532,5,3,2502
533,5,3,2540
534,5,3,2544
535,5,3,2590
536,5,3,2632
537,8,3,2693
538,8,3,2949
539,8,3,3401
540,9,3,1852
541,9,3,1853
542,9,3,1854
543,9,3,1937
544,9,3,1938
545,9,3,1954
546,9,3,1958
547,9,3,1972
548,9,3,2082
549,9,3,2101
550,9,3,2102
551,9,3,2104
552,9,3,2105
553,9,3,2118
554,9,3,2120
555,9,3,2190
556,9,3,2191
557,9,3,2204
558,9,3,2208
559,9,3,2209
560,9,3,2210
561,9,3,2211
562,9,3,2212
563,9,3,2213
564,9,3,2214
565,9,3,2215
566,9,3,2261
567,9,3,2262
568,9,3,2282
569,9,3,2289
570,9,3,2530
571,9,3,2618
572,9,3,2672
573,9,3,2738
574,9,3,2739
575,9,3,2741
576,9,3,2787
577,9,3,2789
578,9,3,2790
579,9,3,2793
580,9,3,2794
581,9,3,2807
582,9,3,2889
583,9,3,2890
584,9,3,2914
585,9,3,2928
586,9,3,2929
587,9,3,2960
588,9,3,2961
589,9,3,2982
590,9,3,3134
591,9,3,3210
592,9,3,3213
593,9,3,3214
594,9,3,3215
595,9,3,3271
596,235,3,1406
597,235,3,1489
598,235,3,1689
599,235,3,1691
600,235,3,1692
601,10,3,2260
602,10,3,2471
603,10,3,2528
604,10,3,2623
605,10,3,2625
606,10,3,2666
607,11,3,1104
608,189,3,770
609,189,3,771
610,189,3,777
611,189,3,778
612,171,3,1263
613,171,3,1730
614,176,3,530
615,195,3,1268
616,195,3,1291
617,195,3,1322
618,195,3,1675
619,232,3,2103
620,232,3,2541
621,232,3,2543
622,232,3,2550
623,232,3,2613
624,190,3,502
625,190,3,509
626,190,3,594
627,190,3,595
628,190,3,656
629,190,3,662
630,190,3,689
631,190,3,690
632,190,3,734
633,190,3,738
634,190,3,775
635,190,3,807
636,190,3,864
637,190,3,1027
638,190,3,1037
639,190,3,1080
640,190,3,1081
641,190,3,1082
642,214,3,640
643,214,3,691
644,214,3,874
645,196,3,1217
646,196,3,1711
647,198,3,2779
648,198,3,2892
649,198,3,2893
650,198,3,2936
651,198,3,2937
652,198,3,3049
653,198,3,3072
654,198,3,3086
655,198,3,3412
656,254,3,856
657,213,3,2711
658,213,3,2714
659,213,3,2720
660,213,3,2722
661,213,3,2723
662,213,3,2734
663,213,3,2735
664,213,3,2746
665,213,3,2750
666,213,3,2751
667,213,3,2767
668,213,3,2768
669,213,3,2847
670,213,3,2900
671,213,3,2904
672,213,3,2943
673,213,3,2944
674,213,3,3100
675,213,3,3413
676,213,3,3435
677,221,3,1976
678,221,3,2124
679,221,3,2125
680,221,3,2126
681,221,3,2127
682,221,3,2178
683,221,3,2288
684,221,3,2290
685,221,3,2455
686,221,3,2491
687,221,3,2560
688,251,3,188
689,251,3,189
690,251,3,193
691,251,3,194
692,251,3,242
693,251,3,274
694,42,1,79
695,42,1,80
696,42,1,230
697,42,1,293
698,42,1,294
699,42,1,295
700,42,1,383
701,42,1,384
702,42,1,433
703,42,1,434
704,42,1,449
705,42,1,495
706,117,1,91
707,117,1,141
708,26,1,111
709,216,1,1747
710,216,1,1792
711,233,1,1565
712,233,1,1749
713,233,1,1754
714,233,1,1757
715,233,1,1793
716,233,1,1840
717,233,1,1841
718,245,1,1208
719,245,1,1468
720,245,1,1478
721,245,1,1481
722,245,1,1732
723,245,1,1742
724,245,1,1773
725,218,1,774
726,222,1,727
727,222,1,753
728,222,1,828
729,222,1,1068
730,222,1,1070
731,23,1,21
732,23,1,22
733,23,1,325
734,23,1,439
735,23,1,469
736,236,1,805
737,236,1,1023
738,236,1,1484
739,236,1,1848
740,236,1,3048
741,47,1,359
742,47,1,361
743,47,1,363
744,47,1,364
745,173,1,623
746,50,1,100
747,50,1,254
748,55,1,168
749,44,1,131
750,44,1,243
751,39,1,1218
752,39,1,1352
753,43,1,112
754,43,1,113
755,43,1,218
756,43,1,445
757,43,1,446
758,48,1,496
759,56,1,395
760,17,1,720
761,30,1,176
762,46,1,82
763,46,1,83
764,46,1,165
765,46,1,249
766,46,1,276
767,137,1,3418
768,137,1,3459
769,192,1,1143
770,192,1,1144
771,192,1,1145
772,192,1,1146
773,192,1,1188
774,192,1,1224
775,192,1,1288
776,192,1,1289
777,192,1,1327
778,192,1,1328
779,192,1,1329
780,193,1,1118
781,193,1,1119
782,193,1,1124
783,193,1,1125
784,193,1,1128
785,193,1,1278
786,193,1,1279
787,193,1,1284
788,193,1,1285
789,21,1,10
790,21,1,11
791,21,1,139
792,21,1,424
793,21,1,425
794,41,1,1238
795,41,1,1367
796,41,1,1368
797,41,1,1470
798,211,1,540
799,211,1,844
800,243,1,1194
801,243,1,1195
802,243,1,1374
803,243,1,1434
804,243,1,1435
805,243,1,1440
806,243,1,1465
807,243,1,1466
808,243,1,1736
809,243,1,1738
810,243,1,1756
811,249,1,660
812,249,1,802
813,249,1,1060
814,249,1,1061
815,45,1,125
816,157,1,62
817,157,1,73
818,157,1,88
819,157,1,89
820,157,1,95
821,157,1,240
822,157,1,289
823,157,1,426
824,157,1,483
825,37,1,1244
826,146,1,40
827,227,1,2948
828,227,1,3021
829,227,1,3290
830,227,1,3291
831,227,1,3407
832,29,1,3406
833,29,1,3427
834,223,1,536
835,22,1,1304
836,199,1,2978
837,199,1,3068
838,228,1,3038
839,228,1,3039
840,228,1,3340
841,15,1,2874
842,34,1,1110
843,34,1,1111
844,34,1,1113
845,40,1,1167
846,40,1,1511
847,40,1,1539
848,40,1,1780
849,168,1,3276
850,168,1,3278
851,168,1,3283
852,172,1,3124
853,28,1,2728
854,28,1,2742
855,28,1,2760
856,28,1,2761
857,28,1,2846
858,28,1,2852
859,52,1,2
860,163,1,1688
861,163,1,1836
862,163,1,2306
863,163,1,2481
864,163,1,2587
865,253,1,1298
866,253,1,1582
867,253,1,1720
868,12,1,2706
869,12,1,2707
870,12,1,2727
871,12,1,2729
872,12,1,2743
873,12,1,2810
874,12,1,2811
875,12,1,2876
876,12,1,2877
877,12,1,2879
878,12,1,3046
879,12,1,3444
880,18,1,2726
881,18,1,2870
882,25,1,2748
883,32,1,1249
884,32,1,1292
885,32,1,1351
886,32,1,1758
887,35,1,1107
888,35,1,1699
889,35,1,1700
890,36,1,1615
891,38,1,1139
892,38,1,1474
893,49,1,4
894,49,1,219
895,49,1,315
896,49,1,319
897,49,1,320
898,49,1,372
899,49,1,374
900,49,1,376
901,49,1,377
902,49,1,399
903,49,1,414
904,49,1,415
905,49,1,416
906,49,1,417
907,49,1,464
908,51,1,172
909,53,1,308
910,53,1,489
911,77,1,1990
912,77,1,1991
913,77,1,1998
914,77,1,2044
915,156,1,1168
916,156,1,1235
917,156,1,1372
918,156,1,1761
919,156,1,1808
920,156,1,1842
921,159,1,2736
922,159,1,2769
923,159,1,2829
924,159,1,2988
925,159,1,3075
926,159,1,3085
927,159,1,3087
928,159,1,3114
929,159,1,3125
930,159,1,3318
931,159,1,3344
932,159,1,3345
933,159,1,3346
934,159,1,3376
935,159,1,3391
936,159,1,3411
937,159,1,3454
938,159,1,3458
939,166,1,1698
940,174,1,2771
941,174,1,2772
942,174,1,2774
943,174,1,2776
944,174,1,3254
945,174,1,3255
946,174,1,3256
947,174,1,3259
948,174,1,3261
949,174,1,3295
950,174,1,3305
951,174,1,3358
952,224,1,614
953,224,1,630
954,164,1,2855
955,54,1,246
956,54,1,275
957,54,1,499
958,13,1,558
959,14,1,2682
960,14,1,2685
961,14,1,2831
962,14,1,3150
963,14,1,3398
964,33,1,1535
965,33,1,1798
966,58,1,283
967,58,1,467
968,59,1,1472
969,242,1,3425
970,242,1,3431
971,250,1,1961
972,248,1,556
973,248,1,557
974,20,1,647
975,215,1,3382
976,112,1,1743
977,210,1,1807
978,16,1,324
979,247,1,783
980,247,1,784
981,19,1,3395
982,19,1,3445
983,167,1,3280
984,201,1,3037
985,201,1,3179
986,201,1,3386
987,24,1,549
988,24,1,850
989,244,1,1196
990,244,1,1197
991,244,1,1294
992,244,1,1392
993,27,1,497
994,31,1,1270
995,31,1,1271
996,57,1,1897
997,57,1,1933
998,57,1,1934
999,57,1,1970
1000,57,1,2158
1001,57,1,2605
1002,169,1,3277
1003,237,1,823
1004,62,1,1762
1005,138,1,3223
1006,61,1,937
1007,181,1,3328
1008,60,1,2689
1009,60,1,2698
1010,60,1,2716
1011,60,1,2809
1012,60,1,2871
1013,60,1,2880
1014,60,1,3045
1015,170,1,3043
1016,170,1,3279
1017,241,1,2673
1018,63,1,742
1019,63,1,758
1020,63,1,820
1021,113,1,175
1022,64,1,15
1023,64,1,16
1024,252,1,871
1025,194,1,1175
1026,194,1,1247
1027,194,1,1260
1028,68,1,539
1029,68,1,544
1030,68,1,580
1031,68,1,606
1032,68,1,607
1033,68,1,796
1034,68,1,814
1035,68,1,816
1036,68,1,817
1037,68,1,840
1038,68,1,842
1039,69,1,560
1040,69,1,641
1041,66,1,64
1042,66,1,90
1043,66,1,371
1044,66,1,373
1045,66,1,375
1046,65,1,93
1047,65,1,318
1048,70,1,1321
1049,70,1,1397
1050,70,1,1479
1051,70,1,1740
1052,67,1,1236
1053,71,1,397
1054,71,1,398
1055,72,1,612
1056,72,1,822
1057,72,1,1018
1058,76,1,2048
1059,76,1,2049
1060,76,1,2050
1061,76,1,2051
1062,76,1,2320
1063,76,1,2535
1064,78,1,2054
1065,78,1,2055
1066,78,1,2520
1067,73,1,686
1068,73,1,841
1069,75,1,522
1070,75,1,529
1071,75,1,553
1072,80,1,2064
1073,80,1,2065
1074,80,1,2066
1075,80,1,2067
1076,80,1,2219
1077,80,1,2220
1078,80,1,2549
1079,81,1,2145
1080,81,1,2146
1081,81,1,2175
1082,81,1,2606
1083,92,1,1174
1084,92,1,1180
1085,92,1,1181
1086,92,1,1439
1087,92,1,1450
1088,92,1,1467
1089,92,1,1589
1090,92,1,1737
1091,92,1,1745
1092,92,1,1752
1093,92,1,1843
1094,93,1,1209
1095,93,1,1789
1096,96,1,1
1097,96,1,253
1098,96,1,330
1099,96,1,353
1100,97,1,212
1101,101,1,2159
1102,101,1,2532
1103,102,1,2024
1104,102,1,2025
1105,102,1,2345
1106,103,1,2595
1107,84,1,624
1108,84,1,629
1109,84,1,787
1110,84,1,866
1111,104,1,1207
1112,104,1,1258
1113,104,1,1319
1114,104,1,1383
1115,104,1,1477
1116,104,1,1482
1117,104,1,1728
1118,104,1,1748
1119,131,1,685
1120,155,1,3040
1121,155,1,3051
1122,155,1,3056
1123,155,1,3057
1124,155,1,3121
1125,155,1,3325
1126,155,1,3329
1127,155,1,3330
1128,203,1,3307
1129,203,1,3308
1130,203,1,3309
1131,203,1,3310
1132,203,1,3311
1133,203,1,3324
1134,204,1,3035
1135,206,1,2756
1136,206,1,2757
1137,206,1,3052
1138,206,1,3053
1139,206,1,3059
1140,206,1,3082
1141,206,1,3356
1142,206,1,3438
1143,152,1,1248
1144,152,1,1469
1145,152,1,1480
1146,152,1,1744
1147,160,1,2732
1148,160,1,2740
1149,160,1,2754
1150,160,1,2755
1151,160,1,2758
1152,160,1,2762
1153,160,1,2764
1154,160,1,2765
1155,160,1,2766
1156,160,1,2773
1157,160,1,2775
1158,160,1,2777
1159,160,1,2778
1160,160,1,2805
1161,160,1,2813
1162,160,1,2827
1163,160,1,2833
1164,160,1,2834
1165,160,1,2883
1166,160,1,2884
1167,160,1,2898
1168,160,1,2899
1169,160,1,2901
1170,160,1,2902
1171,160,1,2905
1172,160,1,2907
1173,160,1,2908
1174,160,1,2910
1175,160,1,2950
1176,160,1,2959
1177,160,1,2971
1178,160,1,2974
1179,160,1,2987
1180,160,1,3041
1181,160,1,3044
1182,160,1,3050
1183,160,1,3054
1184,160,1,3058
1185,160,1,3060
1186,160,1,3061
1187,160,1,3062
1188,160,1,3064
1189,160,1,3077
1190,160,1,3078
1191,160,1,3093
1192,160,1,3094
1193,160,1,3095
1194,160,1,3096
1195,160,1,3097
1196,160,1,3098
1197,160,1,3110
1198,160,1,3112
1199,160,1,3113
1200,160,1,3115
1201,160,1,3151
1202,160,1,3236
1203,160,1,3237
1204,160,1,3238
1205,160,1,3240
1206,160,1,3241
1207,160,1,3242
1208,160,1,3245
1209,160,1,3246
1210,160,1,3247
1211,160,1,3248
1212,160,1,3249
1213,160,1,3250
1214,160,1,3267
1215,160,1,3268
1216,160,1,3269
1217,160,1,3270
1218,160,1,3286
1219,160,1,3287
1220,160,1,3288
1221,160,1,3293
1222,160,1,3294
1223,160,1,3299
1224,160,1,3300
1225,160,1,3301
1226,160,1,3302
1227,160,1,3313
1228,160,1,3314
1229,160,1,3315
1230,160,1,3319
1231,160,1,3320
1232,160,1,3331
1233,160,1,3332
1234,160,1,3333
1235,160,1,3334
1236,160,1,3335
1237,160,1,3336
1238,160,1,3338
1239,160,1,3342
1240,160,1,3361
1241,160,1,3372
1242,160,1,3389
1243,160,1,3390
1244,160,1,3396
1245,160,1,3430
1246,160,1,3453
1247,205,1,3303
1248,205,1,3360
1249,208,1,2770
1250,161,1,2906
1251,161,1,2972
1252,161,1,2973
1253,161,1,2994
1254,161,1,2995
1255,161,1,3063
1256,161,1,3090
1257,161,1,3091
1258,161,1,3306
1259,161,1,3357
1260,162,1,1403
1261,162,1,1404
1262,162,1,1634
1263,162,1,1683
1264,162,1,1695
1265,162,1,1703
1266,162,1,1821
1267,150,1,461
1268,151,1,101
1269,151,1,209
1270,151,1,378
1271,151,1,379
1272,151,1,380
1273,151,1,382
1274,175,1,92
1275,175,1,280
1276,165,1,262
1277,165,1,442
1278,165,1,443
1279,165,1,460
1280,219,1,694
1281,219,1,819
1282,999,0,3
1283,999,0,5
1284,999,0,12
1285,999,0,13
1286,999,0,14
1287,999,0,17
1288,999,0,18
1289,999,0,19
1290,999,0,20
1291,999,0,23
1292,999,0,24
1293,999,0,25
1294,999,0,26
1295,999,0,27
1296,999,0,28
1297,999,0,29
1298,999,0,30
1299,999,0,31
1300,999,0,32
1301,999,0,33
1302,999,0,34
1303,999,0,35
1304,999,0,36
1305,999,0,37
1306,999,0,38
1307,999,0,41
1308,999,0,42
1309,999,0,43
1310,999,0,44
1311,999,0,45
1312,999,0,46
1313,999,0,47
1314,999,0,48
1315,999,0,49
1316,999,0,50
1317,999,0,51
1318,999,0,52
1319,999,0,53
1320,999,0,54
1321,999,0,55
1322,999,0,56
1323,999,0,57
1324,999,0,58
1325,999,0,59
1326,999,0,60
1327,999,0,61
1328,999,0,63
1329,999,0,67
1330,999,0,68
1331,999,0,70
1332,999,0,71
1333,999,0,72
1334,999,0,75
1335,999,0,76
1336,999,0,77
1337,999,0,78
1338,999,0,81
1339,999,0,86
1340,999,0,87
1341,999,0,97
1342,999,0,102
1343,999,0,103
1344,999,0,104
1345,999,0,105
1346,999,0,106
1347,999,0,107
1348,999,0,108
1349,999,0,109
1350,999,0,110
1351,999,0,114
1352,999,0,115
1353,999,0,116
1354,999,0,117
1355,999,0,118
1356,999,0,119
1357,999,0,120
1358,999,0,121
1359,999,0,122
1360,999,0,123
1361,999,0,124
1362,999,0,126
1363,999,0,128
1364,999,0,129
1365,999,0,130
1366,999,0,132
1367,999,0,133
1368,999,0,134
1369,999,0,135
1370,999,0,136
1371,999,0,137
1372,999,0,138
1373,999,0,140
1374,999,0,144
1375,999,0,145
1376,999,0,146
1377,999,0,147
1378,999,0,148
1379,999,0,149
1380,999,0,150
1381,999,0,151
1382,999,0,152
1383,999,0,153
1384,999,0,154
1385,999,0,155
1386,999,0,156
1387,999,0,157
1388,999,0,158
1389,999,0,159
1390,999,0,160
1391,999,0,161
1392,999,0,162
1393,999,0,163
1394,999,0,164
1395,999,0,166
1396,999,0,167
1397,999,0,169
1398,999,0,170
1399,999,0,171
1400,999,0,173
1401,999,0,174
1402,999,0,177
1403,999,0,178
1404,999,0,179
1405,999,0,180
1406,999,0,181
1407,999,0,182
1408,999,0,183
1409,999,0,184
1410,999,0,185
1411,999,0,186
1412,999,0,187
1413,999,0,190
1414,999,0,191
1415,999,0,192
1416,999,0,195
1417,999,0,196
1418,999,0,197
1419,999,0,198
1420,999,0,199
1421,999,0,200
1422,999,0,201
1423,999,0,202
1424,999,0,203
1425,999,0,206
1426,999,0,207
1427,999,0,211
1428,999,0,213
1429,999,0,214
1430,999,0,220
1431,999,0,221
1432,999,0,222
1433,999,0,224
1434,999,0,225
1435,999,0,226
1436,999,0,227
1437,999,0,228
1438,999,0,229
1439,999,0,231
1440,999,0,232
1441,999,0,233
1442,999,0,234
1443,999,0,235
1444,999,0,236
1445,999,0,237
1446,999,0,238
1447,999,0,239
1448,999,0,241
1449,999,0,244
1450,999,0,245
1451,999,0,248
1452,999,0,250
1453,999,0,251
1454,999,0,252
1455,999,0,255
1456,999,0,256
1457,999,0,257
1458,999,0,258
1459,999,0,259
1460,999,0,260
1461,999,0,261
1462,999,0,263
1463,999,0,264
1464,999,0,265
1465,999,0,266
1466,999,0,269
1467,999,0,270
1468,999,0,271
1469,999,0,273
1470,999,0,277
1471,999,0,278
1472,999,0,279
1473,999,0,281
1474,999,0,282
1475,999,0,284
1476,999,0,285
1477,999,0,286
1478,999,0,287
1479,999,0,290
1480,999,0,291
1481,999,0,296
1482,999,0,297
1483,999,0,298
1484,999,0,299
1485,999,0,300
1486,999,0,301
1487,999,0,302
1488,999,0,303
1489,999,0,304
1490,999,0,305
1491,999,0,306
1492,999,0,307
1493,999,0,311
1494,999,0,314
1495,999,0,316
1496,999,0,317
1497,999,0,321
1498,999,0,322
1499,999,0,323
1500,999,0,328
1501,999,0,329
1502,999,0,331
1503,999,0,332
1504,999,0,333
1505,999,0,334
1506,999,0,335
1507,999,0,336
1508,999,0,337
1509,999,0,338
1510,999,0,339
1511,999,0,340
1512,999,0,341
1513,999,0,342
1514,999,0,343
1515,999,0,344
1516,999,0,345
1517,999,0,346
1518,999,0,347
1519,999,0,348
1520,999,0,349
1521,999,0,350
1522,999,0,351
1523,999,0,360
1524,999,0,362
1525,999,0,365
1526,999,0,367
1527,999,0,369
1528,999,0,381
1529,999,0,385
1530,999,0,386
1531,999,0,387
1532,999,0,388
1533,999,0,389
1534,999,0,390
1535,999,0,391
1536,999,0,396
1537,999,0,400
1538,999,0,401
1539,999,0,402
1540,999,0,403
1541,999,0,404
1542,999,0,405
1543,999,0,406
1544,999,0,411
1545,999,0,412
1546,999,0,413
1547,999,0,418
1548,999,0,419
1549,999,0,421
1550,999,0,422
1551,999,0,427
1552,999,0,428
1553,999,0,429
1554,999,0,430
1555,999,0,431
1556,999,0,432
1557,999,0,435
1558,999,0,436
1559,999,0,437
1560,999,0,438
1561,999,0,440
1562,999,0,441
1563,999,0,447
1564,999,0,448
1565,999,0,450
1566,999,0,451
1567,999,0,452
1568,999,0,453
1569,999,0,455
1570,999,0,456
1571,999,0,457
1572,999,0,458
1573,999,0,459
1574,999,0,463
1575,999,0,465
1576,999,0,466
1577,999,0,468
1578,999,0,470
1579,999,0,471
1580,999,0,472
1581,999,0,473
1582,999,0,475
1583,999,0,476
1584,999,0,477
1585,999,0,478
1586,999,0,482
1587,999,0,486
1588,999,0,487
1589,999,0,488
1590,999,0,490
1591,999,0,491
1592,999,0,492
1593,999,0,493
1594,999,0,494
1595,999,0,498
1596,999,0,500
1597,999,0,501
1598,999,0,503
1599,999,0,510
1600,999,0,512
1601,999,0,513
1602,999,0,514
1603,999,0,516
1604,999,0,520
1605,999,0,523
1606,999,0,524
1607,999,0,525
1608,999,0,526
1609,999,0,527
1610,999,0,528
1611,999,0,532
1612,999,0,535
1613,999,0,541
1614,999,0,543
1615,999,0,545
1616,999,0,550
1617,999,0,551
1618,999,0,554
1619,999,0,559
1620,999,0,561
1621,999,0,562
1622,999,0,563
1623,999,0,564
1624,999,0,566
1625,999,0,567
1626,999,0,568
1627,999,0,569
1628,999,0,570
1629,999,0,571
1630,999,0,572
1631,999,0,573
1632,999,0,574
1633,999,0,575
1634,999,0,581
1635,999,0,582
1636,999,0,583
1637,999,0,585
1638,999,0,588
1639,999,0,589
1640,999,0,591
1641,999,0,592
1642,999,0,593
1643,999,0,600
1644,999,0,602
1645,999,0,608
1646,999,0,610
1647,999,0,613
1648,999,0,615
1649,999,0,618
1650,999,0,619
1651,999,0,625
1652,999,0,626
1653,999,0,627
1654,999,0,628
1655,999,0,631
1656,999,0,633
1657,999,0,635
1658,999,0,636
1659,999,0,637
1660,999,0,638
1661,999,0,642
1662,999,0,643
1663,999,0,644
1664,999,0,645
1665,999,0,646
1666,999,0,649
1667,999,0,650
1668,999,0,652
1669,999,0,653
1670,999,0,655
1671,999,0,657
1672,999,0,658
1673,999,0,661
1674,999,0,664
1675,999,0,665
1676,999,0,666
1677,999,0,667
1678,999,0,668
1679,999,0,669
1680,999,0,670
1681,999,0,671
1682,999,0,672
1683,999,0,673
1684,999,0,674
1685,999,0,675
1686,999,0,678
1687,999,0,681
1688,999,0,682
1689,999,0,683
1690,999,0,684
1691,999,0,693
1692,999,0,696
1693,999,0,697
1694,999,0,698
1695,999,0,699
1696,999,0,701
1697,999,0,702
1698,999,0,703
1699,999,0,707
1700,999,0,710
1701,999,0,711
1702,999,0,712
1703,999,0,713
1704,999,0,714
1705,999,0,715
1706,999,0,716
1707,999,0,717
1708,999,0,718
1709,999,0,719
1710,999,0,721
1711,999,0,723
1712,999,0,724
1713,999,0,725
1714,999,0,726
1715,999,0,728
1716,999,0,730
1717,999,0,731
1718,999,0,732
1719,999,0,733
1720,999,0,735
1721,999,0,739
1722,999,0,741
1723,999,0,743
1724,999,0,744
1725,999,0,745
1726,999,0,746
1727,999,0,747
1728,999,0,748
1729,999,0,751
1730,999,0,752
1731,999,0,754
1732,999,0,755
1733,999,0,757
1734,999,0,759
1735,999,0,763
1736,999,0,766
1737,999,0,767
1738,999,0,768
1739,999,0,769
1740,999,0,773
1741,999,0,779
1742,999,0,780
1743,999,0,785
1744,999,0,786
1745,999,0,801
1746,999,0,808
1747,999,0,809
1748,999,0,818
1749,999,0,821
1750,999,0,824
1751,999,0,826
1752,999,0,829
1753,999,0,830
1754,999,0,831
1755,999,0,832
1756,999,0,834
1757,999,0,835
1758,999,0,837
1759,999,0,839
1760,999,0,845
1761,999,0,846
1762,999,0,848
1763,999,0,851
1764,999,0,852
1765,999,0,853
1766,999,0,854
1767,999,0,855
1768,999,0,857
1769,999,0,858
1770,999,0,859
1771,999,0,860
1772,999,0,861
1773,999,0,862
1774,999,0,863
1775,999,0,865
1776,999,0,868
1777,999,0,870
1778,999,0,875
1779,999,0,876
1780,999,0,877
1781,999,0,878
1782,999,0,879
1783,999,0,880
1784,999,0,881
1785,999,0,882
1786,999,0,883
1787,999,0,885
1788,999,0,886
1789,999,0,887
1790,999,0,888
1791,999,0,890
1792,999,0,892
1793,999,0,894
1794,999,0,895
1795,999,0,896
1796,999,0,897
1797,999,0,899
1798,999,0,900
1799,999,0,901
1800,999,0,902
1801,999,0,903
1802,999,0,904
1803,999,0,905
1804,999,0,906
1805,999,0,907
1806,999,0,908
1807,999,0,909
1808,999,0,912
1809,999,0,913
1810,999,0,914
1811,999,0,915
1812,999,0,916
1813,999,0,917
1814,999,0,918
1815,999,0,919
1816,999,0,920
1817,999,0,921
1818,999,0,922
1819,999,0,923
1820,999,0,924
1821,999,0,925
1822,999,0,926
1823,999,0,927
1824,999,0,928
1825,999,0,929
1826,999,0,930
1827,999,0,931
1828,999,0,932
1829,999,0,933
1830,999,0,934
1831,999,0,935
1832,999,0,936
1833,999,0,938
1834,999,0,939
1835,999,0,940
1836,999,0,941
1837,999,0,943
1838,999,0,944
1839,999,0,945
1840,999,0,946
1841,999,0,948
1842,999,0,950
1843,999,0,951
1844,999,0,953
1845,999,0,954
1846,999,0,955
1847,999,0,956
1848,999,0,957
1849,999,0,958
1850,999,0,959
1851,999,0,961
1852,999,0,962
1853,999,0,963
1854,999,0,964
1855,999,0,965
1856,999,0,966
1857,999,0,967
1858,999,0,968
1859,999,0,969
1860,999,0,970
1861,999,0,971
1862,999,0,972
1863,999,0,973
1864,999,0,974
1865,999,0,975
1866,999,0,976
1867,999,0,977
1868,999,0,978
1869,999,0,979
1870,999,0,980
1871,999,0,981
1872,999,0,982
1873,999,0,983
1874,999,0,984
1875,999,0,986
1876,999,0,987
1877,999,0,989
1878,999,0,990
1879,999,0,991
1880,999,0,992
1881,999,0,993
1882,999,0,994
1883,999,0,995
1884,999,0,996
1885,999,0,997
1886,999,0,998
1887,999,0,999
1888,999,0,1000
1889,999,0,1001
1890,999,0,1002
1891,999,0,1003
1892,999,0,1004
1893,999,0,1005
1894,999,0,1006
1895,999,0,1007
1896,999,0,1008
1897,999,0,1009
1898,999,0,1010
1899,999,0,1011
1900,999,0,1012
1901,999,0,1013
1902,999,0,1014
1903,999,0,1015
1904,999,0,1016
1905,999,0,1017
1906,999,0,1019
1907,999,0,1020
1908,999,0,1021
1909,999,0,1022
1910,999,0,1024
1911,999,0,1025
1912,999,0,1026
1913,999,0,1028
1914,999,0,1029
1915,999,0,1030
1916,999,0,1031
1917,999,0,1032
1918,999,0,1033
1919,999,0,1034
1920,999,0,1035
1921,999,0,1036
1922,999,0,1038
1923,999,0,1039
1924,999,0,1040
1925,999,0,1041
1926,999,0,1042
1927,999,0,1044
1928,999,0,1045
1929,999,0,1046
1930,999,0,1047
1931,999,0,1048
1932,999,0,1049
1933,999,0,1050
1934,999,0,1051
1935,999,0,1052
1936,999,0,1057
1937,999,0,1071
1938,999,0,1072
1939,999,0,1073
1940,999,0,1074
1941,999,0,1075
1942,999,0,1076
1943,999,0,1077
1944,999,0,1078
1945,999,0,1079
1946,999,0,1083
1947,999,0,1085
1948,999,0,1086
1949,999,0,1087
1950,999,0,1088
1951,999,0,1089
1952,999,0,1090
1953,999,0,1091
1954,999,0,1092
1955,999,0,1096
1956,999,0,1103
1957,999,0,1105
1958,999,0,1108
1959,999,0,1109
1960,999,0,1112
1961,999,0,1114
1962,999,0,1115
1963,999,0,1116
1964,999,0,1117
1965,999,0,1120
1966,999,0,1121
1967,999,0,1122
1968,999,0,1123
1969,999,0,1126
1970,999,0,1127
1971,999,0,1129
1972,999,0,1130
1973,999,0,1131
1974,999,0,1132
1975,999,0,1133
1976,999,0,1134
1977,999,0,1135
1978,999,0,1136
1979,999,0,1137
1980,999,0,1138
1981,999,0,1140
1982,999,0,1141
1983,999,0,1142
1984,999,0,1147
1985,999,0,1148
1986,999,0,1149
1987,999,0,1150
1988,999,0,1151
1989,999,0,1152
1990,999,0,1153
1991,999,0,1154
1992,999,0,1155
1993,999,0,1156
1994,999,0,1157
1995,999,0,1158
1996,999,0,1159
1997,999,0,1160
1998,999,0,1161
1999,999,0,1162
2000,999,0,1163
2001,999,0,1164
2002,999,0,1165
2003,999,0,1166
2004,999,0,1170
2005,999,0,1171
2006,999,0,1173
2007,999,0,1186
2008,999,0,1187
2009,999,0,1190
2010,999,0,1191
2011,999,0,1198
2012,999,0,1199
2013,999,0,1200
2014,999,0,1201
2015,999,0,1202
2016,999,0,1203
2017,999,0,1204
2018,999,0,1205
2019,999,0,1206
2020,999,0,1210
2021,999,0,1213
2022,999,0,1214
2023,999,0,1215
2024,999,0,1220
2025,999,0,1221
2026,999,0,1225
2027,999,0,1226
2028,999,0,1227
2029,999,0,1228
2030,999,0,1229
2031,999,0,1230
2032,999,0,1231
2033,999,0,1232
2034,999,0,1234
2035,999,0,1237
2036,999,0,1239
2037,999,0,1240
2038,999,0,1241
2039,999,0,1242
2040,999,0,1243
2041,999,0,1245
2042,999,0,1250
2043,999,0,1251
2044,999,0,1252
2045,999,0,1253
2046,999,0,1254
2047,999,0,1255
2048,999,0,1256
2049,999,0,1257
2050,999,0,1259
2051,999,0,1261
2052,999,0,1264
2053,999,0,1269
2054,999,0,1272
2055,999,0,1273
2056,999,0,1274
2057,999,0,1275
2058,999,0,1276
2059,999,0,1277
2060,999,0,1280
2061,999,0,1281
2062,999,0,1282
2063,999,0,1283
2064,999,0,1286
2065,999,0,1287
2066,999,0,1293
2067,999,0,1295
2068,999,0,1296
2069,999,0,1297
2070,999,0,1299
2071,999,0,1300
2072,999,0,1301
2073,999,0,1303
2074,999,0,1305
2075,999,0,1306
2076,999,0,1307
2077,999,0,1308
2078,999,0,1309
2079,999,0,1310
2080,999,0,1311
2081,999,0,1312
2082,999,0,1313
2083,999,0,1314
2084,999,0,1315
2085,999,0,1316
2086,999,0,1317
2087,999,0,1318
2088,999,0,1320
2089,999,0,1323
2090,999,0,1324
2091,999,0,1330
2092,999,0,1331
2093,999,0,1332
2094,999,0,1333
2095,999,0,1334
2096,999,0,1335
2097,999,0,1336
2098,999,0,1337
2099,999,0,1338
2100,999,0,1339
2101,999,0,1340
2102,999,0,1341
2103,999,0,1342
2104,999,0,1343
2105,999,0,1344
2106,999,0,1345
2107,999,0,1346
2108,999,0,1347
2109,999,0,1348
2110,999,0,1350
2111,999,0,1353
2112,999,0,1354
2113,999,0,1358
2114,999,0,1359
2115,999,0,1360
2116,999,0,1361
2117,999,0,1362
2118,999,0,1363
2119,999,0,1364
2120,999,0,1365
2121,999,0,1366
2122,999,0,1369
2123,999,0,1370
2124,999,0,1371
2125,999,0,1373
2126,999,0,1375
2127,999,0,1376
2128,999,0,1377
2129,999,0,1378
2130,999,0,1380
2131,999,0,1382
2132,999,0,1384
2133,999,0,1387
2134,999,0,1388
2135,999,0,1389
2136,999,0,1390
2137,999,0,1391
2138,999,0,1393
2139,999,0,1394
2140,999,0,1395
2141,999,0,1396
2142,999,0,1401
2143,999,0,1402
2144,999,0,1407
2145,999,0,1408
2146,999,0,1409
2147,999,0,1411
2148,999,0,1412
2149,999,0,1413
2150,999,0,1414
2151,999,0,1415
2152,999,0,1416
2153,999,0,1417
2154,999,0,1418
2155,999,0,1419
2156,999,0,1420
2157,999,0,1421
2158,999,0,1422
2159,999,0,1423
2160,999,0,1424
2161,999,0,1425
2162,999,0,1427
2163,999,0,1428
2164,999,0,1429
2165,999,0,1430
2166,999,0,1433
2167,999,0,1436
2168,999,0,1437
2169,999,0,1438
2170,999,0,1441
2171,999,0,1442
2172,999,0,1443
2173,999,0,1444
2174,999,0,1445
2175,999,0,1446
2176,999,0,1447
2177,999,0,1448
2178,999,0,1449
2179,999,0,1452
2180,999,0,1455
2181,999,0,1456
2182,999,0,1457
2183,999,0,1458
2184,999,0,1461
2185,999,0,1485
2186,999,0,1486
2187,999,0,1487
2188,999,0,1488
2189,999,0,1491
2190,999,0,1492
2191,999,0,1493
2192,999,0,1494
2193,999,0,1495
2194,999,0,1496
2195,999,0,1497
2196,999,0,1498
2197,999,0,1499
2198,999,0,1500
2199,999,0,1501
2200,999,0,1502
2201,999,0,1503
2202,999,0,1504
2203,999,0,1505
2204,999,0,1506
2205,999,0,1508
2206,999,0,1509
2207,999,0,1510
2208,999,0,1512
2209,999,0,1513
2210,999,0,1514
2211,999,0,1515
2212,999,0,1516
2213,999,0,1517
2214,999,0,1518
2215,999,0,1519
2216,999,0,1520
2217,999,0,1521
2218,999,0,1522
2219,999,0,1523
2220,999,0,1524
2221,999,0,1525
2222,999,0,1526
2223,999,0,1527
2224,999,0,1528
2225,999,0,1529
2226,999,0,1530
2227,999,0,1531
2228,999,0,1532
2229,999,0,1533
2230,999,0,1534
2231,999,0,1536
2232,999,0,1537
2233,999,0,1538
2234,999,0,1540
2235,999,0,1541
2236,999,0,1542
2237,999,0,1543
2238,999,0,1544
2239,999,0,1545
2240,999,0,1546
2241,999,0,1547
2242,999,0,1548
2243,999,0,1549
2244,999,0,1551
2245,999,0,1552
2246,999,0,1553
2247,999,0,1554
2248,999,0,1555
2249,999,0,1556
2250,999,0,1557
2251,999,0,1558
2252,999,0,1559
2253,999,0,1560
2254,999,0,1561
2255,999,0,1562
2256,999,0,1563
2257,999,0,1564
2258,999,0,1566
2259,999,0,1567
2260,999,0,1568
2261,999,0,1569
2262,999,0,1570
2263,999,0,1571
2264,999,0,1572
2265,999,0,1573
2266,999,0,1574
2267,999,0,1575
2268,999,0,1576
2269,999,0,1577
2270,999,0,1578
2271,999,0,1579
2272,999,0,1580
2273,999,0,1581
2274,999,0,1583
2275,999,0,1584
2276,999,0,1585
2277,999,0,1586
2278,999,0,1587
2279,999,0,1588
2280,999,0,1590
2281,999,0,1591
2282,999,0,1592
2283,999,0,1593
2284,999,0,1594
2285,999,0,1595
2286,999,0,1596
2287,999,0,1597
2288,999,0,1598
2289,999,0,1599
2290,999,0,1600
2291,999,0,1601
2292,999,0,1602
2293,999,0,1603
2294,999,0,1604
2295,999,0,1605
2296,999,0,1606
2297,999,0,1607
2298,999,0,1608
2299,999,0,1609
2300,999,0,1610
2301,999,0,1611
2302,999,0,1612
2303,999,0,1613
2304,999,0,1614
2305,999,0,1616
2306,999,0,1617
2307,999,0,1618
2308,999,0,1619
2309,999,0,1620
2310,999,0,1621
2311,999,0,1622
2312,999,0,1623
2313,999,0,1624
2314,999,0,1625
2315,999,0,1626
2316,999,0,1628
2317,999,0,1629
2318,999,0,1630
2319,999,0,1632
2320,999,0,1636
2321,999,0,1637
2322,999,0,1638
2323,999,0,1639
2324,999,0,1640
2325,999,0,1641
2326,999,0,1642
2327,999,0,1643
2328,999,0,1644
2329,999,0,1645
2330,999,0,1646
2331,999,0,1647
2332,999,0,1648
2333,999,0,1649
2334,999,0,1650
2335,999,0,1651
2336,999,0,1652
2337,999,0,1653
2338,999,0,1654
2339,999,0,1655
2340,999,0,1656
2341,999,0,1657
2342,999,0,1658
2343,999,0,1659
2344,999,0,1660
2345,999,0,1661
2346,999,0,1662
2347,999,0,1663
2348,999,0,1664
2349,999,0,1665
2350,999,0,1666
2351,999,0,1667
2352,999,0,1668
2353,999,0,1669
2354,999,0,1670
2355,999,0,1671
2356,999,0,1672
2357,999,0,1673
2358,999,0,1674
2359,999,0,1676
2360,999,0,1677
2361,999,0,1678
2362,999,0,1681
2363,999,0,1682
2364,999,0,1685
2365,999,0,1687
2366,999,0,1690
2367,999,0,1694
2368,999,0,1696
2369,999,0,1697
2370,999,0,1702
2371,999,0,1705
2372,999,0,1709
2373,999,0,1710
2374,999,0,1712
2375,999,0,1717
2376,999,0,1718
2377,999,0,1721
2378,999,0,1722
2379,999,0,1723
2380,999,0,1724
2381,999,0,1727
2382,999,0,1731
2383,999,0,1733
2384,999,0,1734
2385,999,0,1735
2386,999,0,1746
2387,999,0,1750
2388,999,0,1755
2389,999,0,1759
2390,999,0,1763
2391,999,0,1764
2392,999,0,1765
2393,999,0,1766
2394,999,0,1768
2395,999,0,1769
2396,999,0,1770
2397,999,0,1774
2398,999,0,1775
2399,999,0,1776
2400,999,0,1777
2401,999,0,1778
2402,999,0,1779
2403,999,0,1782
2404,999,0,1783
2405,999,0,1784
2406,999,0,1785
2407,999,0,1786
2408,999,0,1787
2409,999,0,1788
2410,999,0,1790
2411,999,0,1791
2412,999,0,1794
2413,999,0,1795
2414,999,0,1796
2415,999,0,1797
2416,999,0,1799
2417,999,0,1800
2418,999,0,1801
2419,999,0,1803
2420,999,0,1804
2421,999,0,1805
2422,999,0,1806
2423,999,0,1809
2424,999,0,1810
2425,999,0,1811
2426,999,0,1812
2427,999,0,1813
2428,999,0,1814
2429,999,0,1815
2430,999,0,1816
2431,999,0,1817
2432,999,0,1818
2433,999,0,1819
2434,999,0,1820
2435,999,0,1822
2436,999,0,1823
2437,999,0,1824
2438,999,0,1825
2439,999,0,1826
2440,999,0,1827
2441,999,0,1828
2442,999,0,1829
2443,999,0,1830
2444,999,0,1831
2445,999,0,1832
2446,999,0,1833
2447,999,0,1834
2448,999,0,1835
2449,999,0,1837
2450,999,0,1838
2451,999,0,1839
2452,999,0,1844
2453,999,0,1845
2454,999,0,1846
2455,999,0,1849
2456,999,0,1850
2457,999,0,1851
2458,999,0,1855
2459,999,0,1858
2460,999,0,1862
2461,999,0,1866
2462,999,0,1869
2463,999,0,1870
2464,999,0,1871
2465,999,0,1877
2466,999,0,1878
2467,999,0,1879
2468,999,0,1880
2469,999,0,1881
2470,999,0,1882
2471,999,0,1883
2472,999,0,1884
2473,999,0,1885
2474,999,0,1886
2475,999,0,1887
2476,999,0,1888
2477,999,0,1889
2478,999,0,1890
2479,999,0,1891
2480,999,0,1892
2481,999,0,1893
2482,999,0,1894
2483,999,0,1895
2484,999,0,1896
2485,999,0,1898
2486,999,0,1899
2487,999,0,1900
2488,999,0,1901
2489,999,0,1903
2490,999,0,1904
2491,999,0,1905
2492,999,0,1906
2493,999,0,1907
2494,999,0,1910
2495,999,0,1911
2496,999,0,1912
2497,999,0,1913
2498,999,0,1914
2499,999,0,1915
2500,999,0,1916
2501,999,0,1917
2502,999,0,1918
2503,999,0,1919
2504,999,0,1920
2505,999,0,1921
2506,999,0,1922
2507,999,0,1923
2508,999,0,1924
2509,999,0,1925
2510,999,0,1926
2511,999,0,1927
2512,999,0,1928
2513,999,0,1929
2514,999,0,1930
2515,999,0,1931
2516,999,0,1932
2517,999,0,1935
2518,999,0,1936
2519,999,0,1940
2520,999,0,1943
2521,999,0,1944
2522,999,0,1945
2523,999,0,1946
2524,999,0,1947
2525,999,0,1948
2526,999,0,1949
2527,999,0,1950
2528,999,0,1951
2529,999,0,1952
2530,999,0,1953
2531,999,0,1956
2532,999,0,1957
2533,999,0,1959
2534,999,0,1965
2535,999,0,1966
2536,999,0,1967
2537,999,0,1968
2538,999,0,1969
2539,999,0,1971
2540,999,0,1973
2541,999,0,1974
2542,999,0,1975
2543,999,0,1977
2544,999,0,1980
2545,999,0,1981
2546,999,0,1982
2547,999,0,1983
2548,999,0,1984
2549,999,0,1987
2550,999,0,1992
2551,999,0,1993
2552,999,0,1994
2553,999,0,1995
2554,999,0,1996
2555,999,0,1997
2556,999,0,1999
2557,999,0,2000
2558,999,0,2001
2559,999,0,2002
2560,999,0,2003
2561,999,0,2004
2562,999,0,2005
2563,999,0,2006
2564,999,0,2007
2565,999,0,2008
2566,999,0,2009
2567,999,0,2010
2568,999,0,2011
2569,999,0,2012
2570,999,0,2013
2571,999,0,2014
2572,999,0,2015
2573,999,0,2016
2574,999,0,2017
2575,999,0,2018
2576,999,0,2019
2577,999,0,2020
2578,999,0,2021
2579,999,0,2022
2580,999,0,2023
2581,999,0,2026
2582,999,0,2027
2583,999,0,2028
2584,999,0,2029
2585,999,0,2030
2586,999,0,2031
2587,999,0,2032
2588,999,0,2033
2589,999,0,2034
2590,999,0,2035
2591,999,0,2036
2592,999,0,2037
2593,999,0,2038
2594,999,0,2039
2595,999,0,2040
2596,999,0,2041
2597,999,0,2042
2598,999,0,2043
2599,999,0,2045
2600,999,0,2046
2601,999,0,2047
2602,999,0,2052
2603,999,0,2053
2604,999,0,2056
2605,999,0,2057
2606,999,0,2058
2607,999,0,2059
2608,999,0,2060
2609,999,0,2061
2610,999,0,2062
2611,999,0,2063
2612,999,0,2068
2613,999,0,2069
2614,999,0,2070
2615,999,0,2071
2616,999,0,2072
2617,999,0,2073
2618,999,0,2074
2619,999,0,2075
2620,999,0,2076
2621,999,0,2077
2622,999,0,2078
2623,999,0,2079
2624,999,0,2080
2625,999,0,2081
2626,999,0,2088
2627,999,0,2089
2628,999,0,2090
2629,999,0,2092
2630,999,0,2093
2631,999,0,2094
2632,999,0,2095
2633,999,0,2096
2634,999,0,2097
2635,999,0,2098
2636,999,0,2099
2637,999,0,2100
2638,999,0,2106
2639,999,0,2107
2640,999,0,2108
2641,999,0,2109
2642,999,0,2110
2643,999,0,2111
2644,999,0,2112
2645,999,0,2113
2646,999,0,2114
2647,999,0,2115
2648,999,0,2116
2649,999,0,2117
2650,999,0,2134
2651,999,0,2135
2652,999,0,2137
2653,999,0,2138
2654,999,0,2139
2655,999,0,2140
2656,999,0,2141
2657,999,0,2142
2658,999,0,2143
2659,999,0,2144
2660,999,0,2147
2661,999,0,2148
2662,999,0,2150
2663,999,0,2151
2664,999,0,2152
2665,999,0,2153
2666,999,0,2154
2667,999,0,2155
2668,999,0,2156
2669,999,0,2157
2670,999,0,2160
2671,999,0,2161
2672,999,0,2162
2673,999,0,2165
2674,999,0,2167
2675,999,0,2172
2676,999,0,2173
2677,999,0,2174
2678,999,0,2176
2679,999,0,2177
2680,999,0,2180
2681,999,0,2181
2682,999,0,2182
2683,999,0,2183
2684,999,0,2184
2685,999,0,2188
2686,999,0,2189
2687,999,0,2193
2688,999,0,2194
2689,999,0,2195
2690,999,0,2196
2691,999,0,2197
2692,999,0,2198
2693,999,0,2199
2694,999,0,2200
2695,999,0,2201
2696,999,0,2202
2697,999,0,2203
2698,999,0,2205
2699,999,0,2206
2700,999,0,2207
2701,999,0,2216
2702,999,0,2217
2703,999,0,2221
2704,999,0,2222
2705,999,0,2223
2706,999,0,2224
2707,999,0,2225
2708,999,0,2226
2709,999,0,2227
2710,999,0,2228
2711,999,0,2229
2712,999,0,2230
2713,999,0,2231
2714,999,0,2232
2715,999,0,2233
2716,999,0,2234
2717,999,0,2235
2718,999,0,2236
2719,999,0,2237
2720,999,0,2238
2721,999,0,2239
2722,999,0,2240
2723,999,0,2241
2724,999,0,2242
2725,999,0,2243
2726,999,0,2245
2727,999,0,2248
2728,999,0,2249
2729,999,0,2250
2730,999,0,2251
2731,999,0,2252
2732,999,0,2253
2733,999,0,2254
2734,999,0,2255
2735,999,0,2256
2736,999,0,2257
2737,999,0,2258
2738,999,0,2259
2739,999,0,2267
2740,999,0,2269
2741,999,0,2270
2742,999,0,2271
2743,999,0,2272
2744,999,0,2273
2745,999,0,2274
2746,999,0,2275
2747,999,0,2276
2748,999,0,2277
2749,999,0,2278
2750,999,0,2279
2751,999,0,2280
2752,999,0,2281
2753,999,0,2283
2754,999,0,2284
2755,999,0,2285
2756,999,0,2287
2757,999,0,2293
2758,999,0,2294
2759,999,0,2296
2760,999,0,2297
2761,999,0,2298
2762,999,0,2299
2763,999,0,2300
2764,999,0,2301
2765,999,0,2302
2766,999,0,2303
2767,999,0,2304
2768,999,0,2305
2769,999,0,2307
2770,999,0,2308
2771,999,0,2309
2772,999,0,2310
2773,999,0,2311
2774,999,0,2312
2775,999,0,2313
2776,999,0,2314
2777,999,0,2315
2778,999,0,2316
2779,999,0,2317
2780,999,0,2318
2781,999,0,2319
2782,999,0,2321
2783,999,0,2324
2784,999,0,2326
2785,999,0,2329
2786,999,0,2330
2787,999,0,2331
2788,999,0,2332
2789,999,0,2333
2790,999,0,2334
2791,999,0,2335
2792,999,0,2336
2793,999,0,2337
2794,999,0,2338
2795,999,0,2339
2796,999,0,2340
2797,999,0,2341
2798,999,0,2342
2799,999,0,2343
2800,999,0,2344
2801,999,0,2346
2802,999,0,2347
2803,999,0,2348
2804,999,0,2349
2805,999,0,2352
2806,999,0,2353
2807,999,0,2354
2808,999,0,2355
2809,999,0,2356
2810,999,0,2357
2811,999,0,2358
2812,999,0,2359
2813,999,0,2360
2814,999,0,2361
2815,999,0,2362
2816,999,0,2363
2817,999,0,2374
2818,999,0,2375
2819,999,0,2377
2820,999,0,2378
2821,999,0,2379
2822,999,0,2380
2823,999,0,2381
2824,999,0,2382
2825,999,0,2383
2826,999,0,2384
2827,999,0,2385
2828,999,0,2386
2829,999,0,2387
2830,999,0,2388
2831,999,0,2389
2832,999,0,2390
2833,999,0,2391
2834,999,0,2392
2835,999,0,2393
2836,999,0,2394
2837,999,0,2395
2838,999,0,2396
2839,999,0,2398
2840,999,0,2403
2841,999,0,2405
2842,999,0,2406
2843,999,0,2407
2844,999,0,2408
2845,999,0,2409
2846,999,0,2410
2847,999,0,2411
2848,999,0,2412
2849,999,0,2413
2850,999,0,2414
2851,999,0,2415
2852,999,0,2416
2853,999,0,2417
2854,999,0,2418
2855,999,0,2419
2856,999,0,2420
2857,999,0,2421
2858,999,0,2422
2859,999,0,2423
2860,999,0,2424
2861,999,0,2425
2862,999,0,2426
2863,999,0,2427
2864,999,0,2428
2865,999,0,2429
2866,999,0,2430
2867,999,0,2431
2868,999,0,2432
2869,999,0,2433
2870,999,0,2437
2871,999,0,2442
2872,999,0,2443
2873,999,0,2445
2874,999,0,2446
2875,999,0,2447
2876,999,0,2448
2877,999,0,2449
2878,999,0,2450
2879,999,0,2451
2880,999,0,2452
2881,999,0,2453
2882,999,0,2454
2883,999,0,2456
2884,999,0,2457
2885,999,0,2458
2886,999,0,2459
2887,999,0,2460
2888,999,0,2461
2889,999,0,2462
2890,999,0,2463
2891,999,0,2464
2892,999,0,2465
2893,999,0,2467
2894,999,0,2468
2895,999,0,2469
2896,999,0,2470
2897,999,0,2472
2898,999,0,2474
2899,999,0,2475
2900,999,0,2476
2901,999,0,2477
2902,999,0,2478
2903,999,0,2479
2904,999,0,2482
2905,999,0,2483
2906,999,0,2484
2907,999,0,2486
2908,999,0,2487
2909,999,0,2488
2910,999,0,2489
2911,999,0,2490
2912,999,0,2492
2913,999,0,2493
2914,999,0,2496
2915,999,0,2497
2916,999,0,2499
2917,999,0,2500
2918,999,0,2501
2919,999,0,2504
2920,999,0,2505
2921,999,0,2506
2922,999,0,2507
2923,999,0,2508
2924,999,0,2509
2925,999,0,2510
2926,999,0,2511
2927,999,0,2514
2928,999,0,2519
2929,999,0,2521
2930,999,0,2524
2931,999,0,2525
2932,999,0,2526
2933,999,0,2527
2934,999,0,2531
2935,999,0,2534
2936,999,0,2536
2937,999,0,2537
2938,999,0,2538
2939,999,0,2539
2940,999,0,2545
2941,999,0,2546
2942,999,0,2547
2943,999,0,2548
2944,999,0,2551
2945,999,0,2552
2946,999,0,2554
2947,999,0,2555
2948,999,0,2556
2949,999,0,2557
2950,999,0,2558
2951,999,0,2559
2952,999,0,2561
2953,999,0,2562
2954,999,0,2563
2955,999,0,2564
2956,999,0,2565
2957,999,0,2566
2958,999,0,2567
2959,999,0,2568
2960,999,0,2569
2961,999,0,2570
2962,999,0,2571
2963,999,0,2573
2964,999,0,2574
2965,999,0,2575
2966,999,0,2576
2967,999,0,2577
2968,999,0,2578
2969,999,0,2579
2970,999,0,2580
2971,999,0,2581
2972,999,0,2582
2973,999,0,2583
2974,999,0,2584
2975,999,0,2585
2976,999,0,2586
2977,999,0,2588
2978,999,0,2589
2979,999,0,2591
2980,999,0,2592
2981,999,0,2593
2982,999,0,2594
2983,999,0,2596
2984,999,0,2597
2985,999,0,2598
2986,999,0,2599
2987,999,0,2600
2988,999,0,2601
2989,999,0,2602
2990,999,0,2603
2991,999,0,2607
2992,999,0,2608
2993,999,0,2609
2994,999,0,2610
2995,999,0,2611
2996,999,0,2612
2997,999,0,2614
2998,999,0,2615
2999,999,0,2616
3000,999,0,2617
3001,999,0,2619
3002,999,0,2620
3003,999,0,2621
3004,999,0,2622
3005,999,0,2624
3006,999,0,2626
3007,999,0,2628
3008,999,0,2629
3009,999,0,2630
3010,999,0,2631
3011,999,0,2633
3012,999,0,2634
3013,999,0,2635
3014,999,0,2636
3015,999,0,2637
3016,999,0,2638
3017,999,0,2639
3018,999,0,2640
3019,999,0,2641
3020,999,0,2642
3021,999,0,2643
3022,999,0,2644
3023,999,0,2645
3024,999,0,2646
3025,999,0,2647
3026,999,0,2648
3027,999,0,2649
3028,999,0,2650
3029,999,0,2651
3030,999,0,2652
3031,999,0,2653
3032,999,0,2654
3033,999,0,2655
3034,999,0,2656
3035,999,0,2658
3036,999,0,2659
3037,999,0,2660
3038,999,0,2661
3039,999,0,2662
3040,999,0,2663
3041,999,0,2664
3042,999,0,2665
3043,999,0,2667
3044,999,0,2668
3045,999,0,2669
3046,999,0,2670
3047,999,0,2671
3048,999,0,2675
3049,999,0,2676
3050,999,0,2677
3051,999,0,2684
3052,999,0,2688
3053,999,0,2690
3054,999,0,2691
3055,999,0,2694
3056,999,0,2695
3057,999,0,2696
3058,999,0,2697
3059,999,0,2699
3060,999,0,2700
3061,999,0,2701
3062,999,0,2702
3063,999,0,2703
3064,999,0,2704
3065,999,0,2705
3066,999,0,2708
3067,999,0,2709
3068,999,0,2710
3069,999,0,2712
3070,999,0,2713
3071,999,0,2715
3072,999,0,2717
3073,999,0,2718
3074,999,0,2719
3075,999,0,2721
3076,999,0,2724
3077,999,0,2725
3078,999,0,2730
3079,999,0,2731
3080,999,0,2733
3081,999,0,2737
3082,999,0,2744
3083,999,0,2745
3084,999,0,2747
3085,999,0,2749
3086,999,0,2752
3087,999,0,2753
3088,999,0,2759
3089,999,0,2763
3090,999,0,2780
3091,999,0,2781
3092,999,0,2782
3093,999,0,2783
3094,999,0,2784
3095,999,0,2785
3096,999,0,2786
3097,999,0,2788
3098,999,0,2791
3099,999,0,2792
3100,999,0,2795
3101,999,0,2796
3102,999,0,2797
3103,999,0,2798
3104,999,0,2799
3105,999,0,2800
3106,999,0,2801
3107,999,0,2804
3108,999,0,2806
3109,999,0,2808
3110,999,0,2812
3111,999,0,2814
3112,999,0,2815
3113,999,0,2816
3114,999,0,2817
3115,999,0,2818
3116,999,0,2821
3117,999,0,2822
3118,999,0,2828
3119,999,0,2830
3120,999,0,2832
3121,999,0,2836
3122,999,0,2839
3123,999,0,2840
3124,999,0,2841
3125,999,0,2842
3126,999,0,2843
3127,999,0,2844
3128,999,0,2845
3129,999,0,2848
3130,999,0,2849
3131,999,0,2850
3132,999,0,2851
3133,999,0,2853
3134,999,0,2854
3135,999,0,2856
3136,999,0,2857
3137,999,0,2858
3138,999,0,2859
3139,999,0,2860
3140,999,0,2861
3141,999,0,2862
3142,999,0,2863
3143,999,0,2864
3144,999,0,2865
3145,999,0,2866
3146,999,0,2867
3147,999,0,2868
3148,999,0,2869
3149,999,0,2872
3150,999,0,2873
3151,999,0,2875
3152,999,0,2878
3153,999,0,2881
3154,999,0,2882
3155,999,0,2885
3156,999,0,2887
3157,999,0,2888
3158,999,0,2891
3159,999,0,2894
3160,999,0,2895
3161,999,0,2896
3162,999,0,2897
3163,999,0,2903
3164,999,0,2909
3165,999,0,2911
3166,999,0,2912
3167,999,0,2913
3168,999,0,2915
3169,999,0,2916
3170,999,0,2917
3171,999,0,2918
3172,999,0,2919
3173,999,0,2922
3174,999,0,2924
3175,999,0,2925
3176,999,0,2926
3177,999,0,2927
3178,999,0,2930
3179,999,0,2931
3180,999,0,2932
3181,999,0,2933
3182,999,0,2934
3183,999,0,2935
3184,999,0,2939
3185,999,0,2941
3186,999,0,2942
3187,999,0,2945
3188,999,0,2946
3189,999,0,2947
3190,999,0,2951
3191,999,0,2952
3192,999,0,2953
3193,999,0,2954
3194,999,0,2955
3195,999,0,2956
3196,999,0,2957
3197,999,0,2958
3198,999,0,2962
3199,999,0,2964
3200,999,0,2965
3201,999,0,2966
3202,999,0,2967
3203,999,0,2968
3204,999,0,2969
3205,999,0,2970
3206,999,0,2975
3207,999,0,2980
3208,999,0,2981
3209,999,0,2983
3210,999,0,2984
3211,999,0,2985
3212,999,0,2986
3213,999,0,2989
3214,999,0,2990
3215,999,0,2991
3216,999,0,2992
3217,999,0,2993
3218,999,0,2996
3219,999,0,2998
3220,999,0,3000
3221,999,0,3001
3222,999,0,3003
3223,999,0,3004
3224,999,0,3005
3225,999,0,3006
3226,999,0,3007
3227,999,0,3008
3228,999,0,3012
3229,999,0,3015
3230,999,0,3016
3231,999,0,3017
3232,999,0,3018
3233,999,0,3019
3234,999,0,3020
3235,999,0,3022
3236,999,0,3023
3237,999,0,3024
3238,999,0,3026
3239,999,0,3028
3240,999,0,3029
3241,999,0,3030
3242,999,0,3031
3243,999,0,3032
3244,999,0,3033
3245,999,0,3034
3246,999,0,3055
3247,999,0,3065
3248,999,0,3070
3249,999,0,3074
3250,999,0,3088
3251,999,0,3089
3252,999,0,3092
3253,999,0,3099
3254,999,0,3101
3255,999,0,3102
3256,999,0,3103
3257,999,0,3104
3258,999,0,3105
3259,999,0,3106
3260,999,0,3107
3261,999,0,3108
3262,999,0,3109
3263,999,0,3111
3264,999,0,3116
3265,999,0,3118
3266,999,0,3119
3267,999,0,3122
3268,999,0,3123
3269,999,0,3127
3270,999,0,3128
3271,999,0,3129
3272,999,0,3130
3273,999,0,3131
3274,999,0,3132
3275,999,0,3133
3276,999,0,3135
3277,999,0,3136
3278,999,0,3137
3279,999,0,3138
3280,999,0,3139
3281,999,0,3140
3282,999,0,3141
3283,999,0,3142
3284,999,0,3144
3285,999,0,3145
3286,999,0,3146
3287,999,0,3147
3288,999,0,3148
3289,999,0,3149
3290,999,0,3152
3291,999,0,3153
3292,999,0,3154
3293,999,0,3155
3294,999,0,3156
3295,999,0,3157
3296,999,0,3158
3297,999,0,3159
3298,999,0,3160
3299,999,0,3161
3300,999,0,3162
3301,999,0,3163
3302,999,0,3164
3303,999,0,3165
3304,999,0,3166
3305,999,0,3167
3306,999,0,3168
3307,999,0,3169
3308,999,0,3170
3309,999,0,3171
3310,999,0,3172
3311,999,0,3173
3312,999,0,3174
3313,999,0,3175
3314,999,0,3176
3315,999,0,3177
3316,999,0,3181
3317,999,0,3184
3318,999,0,3185
3319,999,0,3186
3320,999,0,3187
3321,999,0,3188
3322,999,0,3189
3323,999,0,3190
3324,999,0,3191
3325,999,0,3192
3326,999,0,3193
3327,999,0,3194
3328,999,0,3195
3329,999,0,3196
3330,999,0,3198
3331,999,0,3199
3332,999,0,3200
3333,999,0,3201
3334,999,0,3202
3335,999,0,3203
3336,999,0,3204
3337,999,0,3205
3338,999,0,3206
3339,999,0,3207
3340,999,0,3208
3341,999,0,3212
3342,999,0,3217
3343,999,0,3218
3344,999,0,3219
3345,999,0,3220
3346,999,0,3221
3347,999,0,3222
3348,999,0,3224
3349,999,0,3225
3350,999,0,3226
3351,999,0,3227
3352,999,0,3228
3353,999,0,3229
3354,999,0,3230
3355,999,0,3231
3356,999,0,3232
3357,999,0,3233
3358,999,0,3234
3359,999,0,3235
3360,999,0,3239
3361,999,0,3243
3362,999,0,3244
3363,999,0,3251
3364,999,0,3252
3365,999,0,3253
3366,999,0,3257
3367,999,0,3258
3368,999,0,3260
3369,999,0,3262
3370,999,0,3263
3371,999,0,3264
3372,999,0,3265
3373,999,0,3266
3374,999,0,3272
3375,999,0,3273
3376,999,0,3274
3377,999,0,3275
3378,999,0,3284
3379,999,0,3285
3380,999,0,3296
3381,999,0,3297
3382,999,0,3298
3383,999,0,3304
3384,999,0,3312
3385,999,0,3316
3386,999,0,3317
3387,999,0,3321
3388,999,0,3322
3389,999,0,3323
3390,999,0,3337
3391,999,0,3339
3392,999,0,3341
3393,999,0,3347
3394,999,0,3348
3395,999,0,3349
3396,999,0,3350
3397,999,0,3351
3398,999,0,3352
3399,999,0,3353
3400,999,0,3354
3401,999,0,3355
3402,999,0,3359
3403,999,0,3362
3404,999,0,3365
3405,999,0,3366
3406,999,0,3367
3407,999,0,3368
3408,999,0,3369
3409,999,0,3371
3410,999,0,3373
3411,999,0,3374
3412,999,0,3375
3413,999,0,3378
3414,999,0,3379
3415,999,0,3380
3416,999,0,3381
3417,999,0,3383
3418,999,0,3384
3419,999,0,3385
3420,999,0,3387
3421,999,0,3388
3422,999,0,3392
3423,999,0,3393
3424,999,0,3394
3425,999,0,3399
3426,999,0,3400
3427,999,0,3404
3428,999,0,3410
3429,999,0,3414
3430,999,0,3415
3431,999,0,3417
3432,999,0,3419
3433,999,0,3420
3434,999,0,3421
3435,999,0,3422
3436,999,0,3423
3437,999,0,3424
3438,999,0,3426
3439,999,0,3428
3440,999,0,3429
3441,999,0,3432
3442,999,0,3433
3443,999,0,3434
3444,999,0,3436
3445,999,0,3437
3446,999,0,3439
3447,999,0,3440
3448,999,0,3441
3449,999,0,3443
3450,999,0,3446
3451,999,0,3447
3452,999,0,3448
3453,999,0,3449
3454,999,0,3450
3455,999,0,3451
3456,999,0,3452
3457,999,0,3455
3458,999,0,3456
3459,999,0,3457
3460,999,0,3460
3461,999,0,3461
3462,999,0,3462
3463,999,0,3463
3464,999,0,3464
3465,999,0,3465
3466,999,0,3466
