HRU_ID,2012,2013,2014,2015,2016
462,43,61,61,43,61
504,24,24,24,24,24
736,23,23,23,23,23
737,23,23,23,23,23
1043,24,24,24,24,24
2886,24,24,24,24,24
3216,23,23,23,23,23
598,23,23,23,23,23
599,23,23,23,23,23
659,24,24,24,24,24
776,23,23,23,23,23
833,24,24,24,24,24
3117,36,36,36,36,36
3036,59,59,49,36,36
584,24,24,24,24,24
651,24,24,24,24,24
729,23,23,23,23,23
749,23,23,23,23,23
750,24,24,24,24,24
867,23,23,23,23,23
891,23,23,23,23,23
3289,23,23,23,23,23
1856,24,24,24,24,24
1857,23,23,23,23,23
1859,24,24,24,24,24
1860,23,23,23,23,23
1861,23,23,23,23,23
1875,23,23,23,23,23
1876,24,24,24,24,24
1908,23,23,23,23,23
1909,23,23,23,23,23
1939,23,23,23,23,23
2083,23,23,23,23,23
2084,23,23,23,23,23
2085,23,23,23,23,23
2086,24,24,24,24,24
2163,23,23,23,23,23
2164,23,23,23,23,23
2168,24,24,24,24,24
2169,23,23,23,23,23
2218,23,23,23,23,23
2263,23,23,23,23,23
2265,23,23,23,23,23
2266,24,24,24,24,24
2295,24,24,24,24,24
2322,23,23,23,23,23
2323,23,23,23,23,23
2327,24,24,24,24,24
2328,24,24,24,24,24
2434,23,23,23,23,23
2435,23,23,23,23,23
2466,23,23,23,23,23
2513,23,23,23,23,23
2515,23,23,23,23,23
2533,24,24,24,24,24
2542,24,24,24,24,24
1872,23,23,23,23,23
2128,23,23,23,23,23
2192,24,24,24,24,24
2291,23,23,23,23,23
2292,24,24,24,24,24
2370,23,23,23,23,23
2371,23,23,23,23,23
2372,24,24,24,24,24
2373,24,24,24,24,24
2400,24,24,24,24,24
2402,24,24,24,24,24
2404,23,23,23,23,23
2516,24,24,24,24,24
2518,24,24,24,24,24
2523,24,24,24,24,24
1169,59,59,49,36,36
3409,61,24,61,24,61
1219,23,23,23,23,23
1233,23,23,23,23,23
1462,23,23,23,23,23
1471,23,23,23,23,23
1507,23,23,23,23,23
1729,24,24,24,24,24
3047,43,61,61,43,61
3071,61,53,61,53,61
3081,59,59,49,36,36
3292,61,24,61,24,61
3397,43,61,61,43,61
216,36,36,36,36,36
217,43,61,61,43,61
288,36,36,36,36,36
292,61,24,61,24,61
309,43,61,61,43,61
310,61,53,61,53,61
312,61,24,61,24,61
313,61,24,61,24,61
326,43,61,61,43,61
392,61,53,61,53,61
393,36,36,36,36,36
394,43,61,61,43,61
410,36,36,36,36,36
420,59,59,49,36,36
454,61,24,61,24,61
2286,24,24,24,24,24
2350,23,23,23,23,23
2246,23,23,23,23,23
2351,24,24,24,24,24
590,23,23,23,23,23
507,61,53,61,53,61
511,59,59,49,36,36
789,61,53,61,53,61
791,59,59,49,36,36
797,61,53,61,53,61
838,61,24,61,24,61
1062,61,24,61,24,61
1069,61,24,61,24,61
537,24,24,24,24,24
578,24,24,24,24,24
604,24,24,24,24,24
605,23,23,23,23,23
622,24,24,24,24,24
806,23,23,23,23,23
849,24,24,24,24,24
869,24,24,24,24,24
872,24,24,24,24,24
1106,61,53,61,53,61
1771,36,36,36,36,36
1781,59,59,49,36,36
2819,24,24,24,24,24
2820,23,23,23,23,23
1176,23,23,23,23,23
1177,24,24,24,24,24
1182,23,23,23,23,23
1183,23,23,23,23,23
1211,24,24,24,24,24
1216,24,24,24,24,24
1222,23,23,23,23,23
1223,24,24,24,24,24
1265,23,23,23,23,23
1325,23,23,23,23,23
1357,23,23,23,23,23
1741,24,24,24,24,24
1847,24,24,24,24,24
1212,23,23,23,23,23
1246,23,23,23,23,23
1326,24,24,24,24,24
1410,23,23,23,23,23
1426,24,24,24,24,24
1706,24,24,24,24,24
1707,23,23,23,23,23
1708,23,23,23,23,23
1772,23,23,23,23,23
1802,23,23,23,23,23
2149,23,23,23,23,23
2473,24,24,24,24,24
1192,23,23,23,23,23
1193,24,24,24,24,24
1290,23,23,23,23,23
538,23,23,23,23,23
548,24,24,24,24,24
620,24,24,24,24,24
760,24,24,24,24,24
6,24,24,24,24,24
7,24,24,24,24,24
8,24,24,24,24,24
9,24,24,24,24,24
39,23,23,23,23,23
65,24,24,24,24,24
66,24,24,24,24,24
69,23,23,23,23,23
74,23,23,23,23,23
84,24,24,24,24,24
85,24,24,24,24,24
142,24,24,24,24,24
143,24,24,24,24,24
215,23,23,23,23,23
267,24,24,24,24,24
268,24,24,24,24,24
272,24,24,24,24,24
327,24,24,24,24,24
366,23,23,23,23,23
368,24,24,24,24,24
370,23,23,23,23,23
407,23,23,23,23,23
408,23,23,23,23,23
409,24,24,24,24,24
423,23,23,23,23,23
480,23,23,23,23,23
484,23,23,23,23,23
485,24,24,24,24,24
96,61,24,61,24,61
1715,61,53,61,53,61
3002,23,23,23,23,23
3403,23,23,23,23,23
127,24,24,24,24,24
481,23,23,23,23,23
3042,24,24,24,24,24
3076,24,24,24,24,24
3126,24,24,24,24,24
3281,24,24,24,24,24
1978,24,24,24,24,24
2247,23,23,23,23,23
2529,24,24,24,24,24
444,61,24,61,24,61
799,61,24,61,24,61
616,24,24,24,24,24
617,23,23,23,23,23
654,23,23,23,23,23
676,23,23,23,23,23
677,23,23,23,23,23
843,24,24,24,24,24
555,23,23,23,23,23
596,23,23,23,23,23
597,24,24,24,24,24
601,24,24,24,24,24
603,23,23,23,23,23
639,24,24,24,24,24
679,23,23,23,23,23
680,23,23,23,23,23
740,24,24,24,24,24
756,23,23,23,23,23
812,23,23,23,23,23
813,23,23,23,23,23
815,23,23,23,23,23
893,23,23,23,23,23
910,24,24,24,24,24
911,24,24,24,24,24
947,23,23,23,23,23
960,23,23,23,23,23
988,23,23,23,23,23
1053,24,24,24,24,24
1054,24,24,24,24,24
1055,23,23,23,23,23
1056,24,24,24,24,24
1058,24,24,24,24,24
1059,24,24,24,24,24
1084,36,36,36,36,36
1431,61,24,61,24,61
1432,61,53,61,53,61
1463,36,36,36,36,36
1473,36,36,36,36,36
1713,59,59,49,36,36
1725,43,61,61,43,61
1739,61,53,61,53,61
2376,59,59,49,36,36
3083,23,23,23,23,23
3120,23,23,23,23,23
1490,59,59,49,36,36
479,61,24,61,24,61
94,24,24,24,24,24
1179,23,23,23,23,23
1476,23,23,23,23,23
1701,24,24,24,24,24
98,23,23,23,23,23
99,23,23,23,23,23
247,24,24,24,24,24
1189,24,24,24,24,24
1302,24,24,24,24,24
1726,23,23,23,23,23
1753,24,24,24,24,24
1760,23,23,23,23,23
1767,24,24,24,24,24
2179,23,23,23,23,23
2268,24,24,24,24,24
2657,23,23,23,23,23
533,23,23,23,23,23
534,23,23,23,23,23
552,24,24,24,24,24
576,23,23,23,23,23
577,23,23,23,23,23
579,23,23,23,23,23
632,24,24,24,24,24
695,24,24,24,24,24
790,24,24,24,24,24
792,23,23,23,23,23
798,23,23,23,23,23
836,23,23,23,23,23
1063,23,23,23,23,23
1064,24,24,24,24,24
1065,23,23,23,23,23
1066,23,23,23,23,23
1067,24,24,24,24,24
2683,23,23,23,23,23
2687,24,24,24,24,24
2692,24,24,24,24,24
3027,23,23,23,23,23
3405,24,24,24,24,24
1985,24,24,24,24,24
2087,23,23,23,23,23
2130,23,23,23,23,23
2131,23,23,23,23,23
2133,23,23,23,23,23
2170,24,24,24,24,24
2171,24,24,24,24,24
2264,23,23,23,23,23
2397,24,24,24,24,24
2399,24,24,24,24,24
2401,23,23,23,23,23
2438,24,24,24,24,24
2439,24,24,24,24,24
2444,23,23,23,23,23
2480,23,23,23,23,23
2494,23,23,23,23,23
2512,24,24,24,24,24
2517,23,23,23,23,23
2522,24,24,24,24,24
2553,24,24,24,24,24
788,23,23,23,23,23
810,24,24,24,24,24
827,23,23,23,23,23
873,24,24,24,24,24
898,23,23,23,23,23
2091,24,24,24,24,24
2498,24,24,24,24,24
2963,24,24,24,24,24
2997,23,23,23,23,23
2999,23,23,23,23,23
3143,23,23,23,23,23
3197,24,24,24,24,24
3209,23,23,23,23,23
3211,24,24,24,24,24
3363,23,23,23,23,23
3364,23,23,23,23,23
546,24,24,24,24,24
547,24,24,24,24,24
621,24,24,24,24,24
794,23,23,23,23,23
795,23,23,23,23,23
800,23,23,23,23,23
811,23,23,23,23,23
1093,23,23,23,23,23
1094,23,23,23,23,23
1095,24,24,24,24,24
1097,23,23,23,23,23
1098,24,24,24,24,24
1099,23,23,23,23,23
1100,24,24,24,24,24
1101,23,23,23,23,23
1102,23,23,23,23,23
1262,24,24,24,24,24
1355,23,23,23,23,23
1356,23,23,23,23,23
1381,24,24,24,24,24
1405,23,23,23,23,23
1451,23,23,23,23,23
1453,24,24,24,24,24
1454,24,24,24,24,24
1459,24,24,24,24,24
1460,23,23,23,23,23
1550,24,24,24,24,24
1627,23,23,23,23,23
1631,24,24,24,24,24
1633,23,23,23,23,23
1635,23,23,23,23,23
1679,23,23,23,23,23
1680,24,24,24,24,24
1684,24,24,24,24,24
1686,23,23,23,23,23
1693,23,23,23,23,23
1704,23,23,23,23,23
1716,23,23,23,23,23
3442,61,53,61,53,61
204,59,59,49,36,36
355,43,61,61,43,61
357,61,53,61,53,61
474,61,53,61,53,61
1942,23,23,23,23,23
2495,24,24,24,24,24
505,23,23,23,23,23
565,24,24,24,24,24
663,24,24,24,24,24
687,24,24,24,24,24
688,24,24,24,24,24
692,24,24,24,24,24
700,23,23,23,23,23
722,24,24,24,24,24
764,23,23,23,23,23
765,23,23,23,23,23
889,24,24,24,24,24
949,24,24,24,24,24
952,23,23,23,23,23
3402,23,23,23,23,23
2681,61,53,61,53,61
2823,43,61,61,43,61
2824,59,59,49,36,36
2938,43,61,61,43,61
3073,43,61,61,43,61
847,24,24,24,24,24
1184,23,23,23,23,23
1185,24,24,24,24,24
1266,23,23,23,23,23
1267,24,24,24,24,24
1349,23,23,23,23,23
1385,24,24,24,24,24
1386,24,24,24,24,24
1398,23,23,23,23,23
1399,24,24,24,24,24
1400,23,23,23,23,23
1464,24,24,24,24,24
1475,23,23,23,23,23
1483,24,24,24,24,24
1719,24,24,24,24,24
2686,23,23,23,23,23
2835,24,24,24,24,24
3079,24,24,24,24,24
3282,23,23,23,23,23
2678,24,24,24,24,24
2679,24,24,24,24,24
2680,23,23,23,23,23
2803,24,24,24,24,24
2825,23,23,23,23,23
2920,23,23,23,23,23
2923,24,24,24,24,24
2976,23,23,23,23,23
2979,23,23,23,23,23
3010,23,23,23,23,23
3013,23,23,23,23,23
3014,24,24,24,24,24
3066,24,24,24,24,24
3067,24,24,24,24,24
3069,24,24,24,24,24
3178,23,23,23,23,23
3180,24,24,24,24,24
3343,23,23,23,23,23
3370,24,24,24,24,24
2674,23,23,23,23,23
2802,23,23,23,23,23
2826,24,24,24,24,24
2837,24,24,24,24,24
2838,23,23,23,23,23
2921,24,24,24,24,24
2940,24,24,24,24,24
2977,24,24,24,24,24
3009,23,23,23,23,23
3011,23,23,23,23,23
3080,23,23,23,23,23
3326,23,23,23,23,23
3327,23,23,23,23,23
3377,24,24,24,24,24
3416,23,23,23,23,23
223,59,59,49,36,36
1172,24,24,24,24,24
1178,24,24,24,24,24
1379,23,23,23,23,23
1714,23,23,23,23,23
1751,24,24,24,24,24
205,43,61,61,43,61
208,36,36,36,36,36
210,43,61,61,43,61
352,61,24,61,24,61
354,59,59,49,36,36
356,36,36,36,36,36
358,61,24,61,24,61
3025,23,23,23,23,23
3084,24,24,24,24,24
3182,23,23,23,23,23
3183,23,23,23,23,23
521,24,24,24,24,24
648,24,24,24,24,24
519,24,24,24,24,24
542,24,24,24,24,24
586,24,24,24,24,24
587,24,24,24,24,24
609,24,24,24,24,24
634,23,23,23,23,23
3408,59,59,49,36,36
506,23,23,23,23,23
508,24,24,24,24,24
515,23,23,23,23,23
517,24,24,24,24,24
518,24,24,24,24,24
611,23,23,23,23,23
704,24,24,24,24,24
705,24,24,24,24,24
706,23,23,23,23,23
708,23,23,23,23,23
709,24,24,24,24,24
761,23,23,23,23,23
762,23,23,23,23,23
772,23,23,23,23,23
781,24,24,24,24,24
782,23,23,23,23,23
793,24,24,24,24,24
803,24,24,24,24,24
804,24,24,24,24,24
825,23,23,23,23,23
884,24,24,24,24,24
942,24,24,24,24,24
985,23,23,23,23,23
531,43,61,61,43,61
1863,23,23,23,23,23
1864,24,24,24,24,24
1865,23,23,23,23,23
1867,23,23,23,23,23
1868,24,24,24,24,24
1873,24,24,24,24,24
1874,24,24,24,24,24
1941,23,23,23,23,23
1979,24,24,24,24,24
1986,24,24,24,24,24
2129,23,23,23,23,23
2132,24,24,24,24,24
2166,23,23,23,23,23
2325,23,23,23,23,23
2436,24,24,24,24,24
2440,24,24,24,24,24
2441,24,24,24,24,24
2485,23,23,23,23,23
2503,23,23,23,23,23
2572,23,23,23,23,23
2604,23,23,23,23,23
2627,24,24,24,24,24
1902,24,24,24,24,24
1955,24,24,24,24,24
1960,23,23,23,23,23
1962,24,24,24,24,24
1963,23,23,23,23,23
1964,24,24,24,24,24
1988,24,24,24,24,24
1989,24,24,24,24,24
2119,24,24,24,24,24
2121,24,24,24,24,24
2122,24,24,24,24,24
2123,24,24,24,24,24
2136,23,23,23,23,23
2185,24,24,24,24,24
2186,23,23,23,23,23
2187,24,24,24,24,24
2244,23,23,23,23,23
2364,24,24,24,24,24
2365,24,24,24,24,24
2366,23,23,23,23,23
2367,23,23,23,23,23
2368,23,23,23,23,23
2369,23,23,23,23,23
2502,23,23,23,23,23
2540,23,23,23,23,23
2544,23,23,23,23,23
2590,23,23,23,23,23
2632,23,23,23,23,23
2693,23,23,23,23,23
2949,23,23,23,23,23
3401,24,24,24,24,24
1852,24,24,24,24,24
1853,24,24,24,24,24
1854,24,24,24,24,24
1937,23,23,23,23,23
1938,24,24,24,24,24
1954,23,23,23,23,23
1958,24,24,24,24,24
1972,23,23,23,23,23
2082,24,24,24,24,24
2101,24,24,24,24,24
2102,23,23,23,23,23
2104,23,23,23,23,23
2105,24,24,24,24,24
2118,24,24,24,24,24
2120,24,24,24,24,24
2190,23,23,23,23,23
2191,24,24,24,24,24
2204,23,23,23,23,23
2208,23,23,23,23,23
2209,24,24,24,24,24
2210,23,23,23,23,23
2211,23,23,23,23,23
2212,24,24,24,24,24
2213,23,23,23,23,23
2214,24,24,24,24,24
2215,23,23,23,23,23
2261,23,23,23,23,23
2262,24,24,24,24,24
2282,24,24,24,24,24
2289,24,24,24,24,24
2530,23,23,23,23,23
2618,24,24,24,24,24
2672,23,23,23,23,23
2738,24,24,24,24,24
2739,24,24,24,24,24
2741,24,24,24,24,24
2787,24,24,24,24,24
2789,24,24,24,24,24
2790,23,23,23,23,23
2793,23,23,23,23,23
2794,23,23,23,23,23
2807,23,23,23,23,23
2889,24,24,24,24,24
2890,23,23,23,23,23
2914,23,23,23,23,23
2928,24,24,24,24,24
2929,24,24,24,24,24
2960,24,24,24,24,24
2961,24,24,24,24,24
2982,24,24,24,24,24
3134,24,24,24,24,24
3210,23,23,23,23,23
3213,24,24,24,24,24
3214,24,24,24,24,24
3215,23,23,23,23,23
3271,23,23,23,23,23
1406,24,24,24,24,24
1489,23,23,23,23,23
1689,23,23,23,23,23
1691,23,23,23,23,23
1692,24,24,24,24,24
2260,24,24,24,24,24
2471,24,24,24,24,24
2528,23,23,23,23,23
2623,24,24,24,24,24
2625,24,24,24,24,24
2666,23,23,23,23,23
1104,43,61,61,43,61
770,43,61,61,43,61
771,61,53,61,53,61
777,36,36,36,36,36
778,59,59,49,36,36
1263,24,24,24,24,24
1730,24,24,24,24,24
530,59,59,49,36,36
1268,23,23,23,23,23
1291,24,24,24,24,24
1322,23,23,23,23,23
1675,24,24,24,24,24
2103,23,23,23,23,23
2541,24,24,24,24,24
2543,24,24,24,24,24
2550,23,23,23,23,23
2613,23,23,23,23,23
502,23,23,23,23,23
509,23,23,23,23,23
594,24,24,24,24,24
595,24,24,24,24,24
656,23,23,23,23,23
662,23,23,23,23,23
689,23,23,23,23,23
690,24,24,24,24,24
734,24,24,24,24,24
738,23,23,23,23,23
775,23,23,23,23,23
807,24,24,24,24,24
864,23,23,23,23,23
1027,24,24,24,24,24
1037,24,24,24,24,24
1080,23,23,23,23,23
1081,23,23,23,23,23
1082,24,24,24,24,24
640,24,24,24,24,24
691,24,24,24,24,24
874,24,24,24,24,24
1217,24,24,24,24,24
1711,24,24,24,24,24
2779,24,24,24,24,24
2892,24,24,24,24,24
2893,24,24,24,24,24
2936,23,23,23,23,23
2937,24,24,24,24,24
3049,24,24,24,24,24
3072,23,23,23,23,23
3086,23,23,23,23,23
3412,23,23,23,23,23
856,61,24,61,24,61
2711,24,24,24,24,24
2714,23,23,23,23,23
2720,24,24,24,24,24
2722,24,24,24,24,24
2723,23,23,23,23,23
2734,24,24,24,24,24
2735,24,24,24,24,24
2746,23,23,23,23,23
2750,24,24,24,24,24
2751,24,24,24,24,24
2767,23,23,23,23,23
2768,23,23,23,23,23
2847,23,23,23,23,23
2900,24,24,24,24,24
2904,23,23,23,23,23
2943,23,23,23,23,23
2944,24,24,24,24,24
3100,24,24,24,24,24
3413,24,24,24,24,24
3435,24,24,24,24,24
1976,23,23,23,23,23
2124,24,24,24,24,24
2125,23,23,23,23,23
2126,23,23,23,23,23
2127,24,24,24,24,24
2178,23,23,23,23,23
2288,24,24,24,24,24
2290,23,23,23,23,23
2455,23,23,23,23,23
2491,24,24,24,24,24
2560,23,23,23,23,23
188,61,24,61,24,61
189,61,24,61,24,61
193,36,36,36,36,36
194,59,59,49,36,36
242,61,24,61,24,61
274,36,36,36,36,36
79,24,24,24,24,24
80,23,23,23,23,23
230,24,24,24,24,24
293,24,24,24,24,24
294,23,23,23,23,23
295,23,23,23,23,23
383,23,23,23,23,23
384,24,24,24,24,24
433,24,24,24,24,24
434,24,24,24,24,24
449,23,23,23,23,23
495,24,24,24,24,24
91,24,24,24,24,24
141,24,24,24,24,24
111,23,23,23,23,23
1747,24,24,24,24,24
1792,24,24,24,24,24
1565,61,24,61,24,61
1749,43,61,61,43,61
1754,36,36,36,36,36
1757,59,59,49,36,36
1793,43,61,61,43,61
1840,61,53,61,53,61
1841,43,61,61,43,61
1208,61,53,61,53,61
1468,61,24,61,24,61
1478,36,36,36,36,36
1481,61,53,61,53,61
1732,59,59,49,36,36
1742,61,53,61,53,61
1773,59,59,49,36,36
774,23,23,23,23,23
727,23,23,23,23,23
753,24,24,24,24,24
828,24,24,24,24,24
1068,24,24,24,24,24
1070,23,23,23,23,23
21,61,53,61,53,61
22,36,36,36,36,36
325,61,53,61,53,61
439,61,53,61,53,61
469,36,36,36,36,36
805,61,24,61,24,61
1023,61,53,61,53,61
1484,61,24,61,24,61
1848,61,53,61,53,61
3048,43,61,61,43,61
359,59,59,49,36,36
361,61,53,61,53,61
363,36,36,36,36,36
364,59,59,49,36,36
623,23,23,23,23,23
100,23,23,23,23,23
254,23,23,23,23,23
168,24,24,24,24,24
131,61,24,61,24,61
243,59,59,49,36,36
1218,23,23,23,23,23
1352,23,23,23,23,23
112,23,23,23,23,23
113,24,24,24,24,24
218,24,24,24,24,24
445,23,23,23,23,23
446,24,24,24,24,24
496,23,23,23,23,23
395,61,24,61,24,61
720,23,23,23,23,23
176,61,53,61,53,61
82,23,23,23,23,23
83,23,23,23,23,23
165,24,24,24,24,24
249,24,24,24,24,24
276,23,23,23,23,23
3418,23,23,23,23,23
3459,23,23,23,23,23
1143,23,23,23,23,23
1144,24,24,24,24,24
1145,23,23,23,23,23
1146,23,23,23,23,23
1188,24,24,24,24,24
1224,24,24,24,24,24
1288,23,23,23,23,23
1289,23,23,23,23,23
1327,24,24,24,24,24
1328,24,24,24,24,24
1329,24,24,24,24,24
1118,23,23,23,23,23
1119,23,23,23,23,23
1124,24,24,24,24,24
1125,24,24,24,24,24
1128,24,24,24,24,24
1278,24,24,24,24,24
1279,23,23,23,23,23
1284,24,24,24,24,24
1285,23,23,23,23,23
10,23,23,23,23,23
11,24,24,24,24,24
139,24,24,24,24,24
424,23,23,23,23,23
425,23,23,23,23,23
1238,23,23,23,23,23
1367,24,24,24,24,24
1368,24,24,24,24,24
1470,24,24,24,24,24
540,36,36,36,36,36
844,59,59,49,36,36
1194,23,23,23,23,23
1195,23,23,23,23,23
1374,23,23,23,23,23
1434,23,23,23,23,23
1435,24,24,24,24,24
1440,23,23,23,23,23
1465,23,23,23,23,23
1466,23,23,23,23,23
1736,24,24,24,24,24
1738,24,24,24,24,24
1756,23,23,23,23,23
660,23,23,23,23,23
802,23,23,23,23,23
1060,24,24,24,24,24
1061,23,23,23,23,23
125,24,24,24,24,24
62,23,23,23,23,23
73,23,23,23,23,23
88,24,24,24,24,24
89,23,23,23,23,23
95,24,24,24,24,24
240,24,24,24,24,24
289,23,23,23,23,23
426,23,23,23,23,23
483,23,23,23,23,23
1244,61,24,61,24,61
40,36,36,36,36,36
2948,23,23,23,23,23
3021,23,23,23,23,23
3290,24,24,24,24,24
3291,24,24,24,24,24
3407,24,24,24,24,24
3406,24,24,24,24,24
3427,24,24,24,24,24
536,23,23,23,23,23
1304,23,23,23,23,23
2978,24,24,24,24,24
3068,24,24,24,24,24
3038,23,23,23,23,23
3039,23,23,23,23,23
3340,23,23,23,23,23
2874,61,24,61,24,61
1110,59,59,49,36,36
1111,61,24,61,24,61
1113,61,24,61,24,61
1167,23,23,23,23,23
1511,23,23,23,23,23
1539,24,24,24,24,24
1780,23,23,23,23,23
3276,24,24,24,24,24
3278,24,24,24,24,24
3283,23,23,23,23,23
3124,36,36,36,36,36
2728,24,24,24,24,24
2742,24,24,24,24,24
2760,24,24,24,24,24
2761,23,23,23,23,23
2846,24,24,24,24,24
2852,24,24,24,24,24
2,59,59,49,36,36
1688,24,24,24,24,24
1836,24,24,24,24,24
2306,24,24,24,24,24
2481,24,24,24,24,24
2587,24,24,24,24,24
1298,23,23,23,23,23
1582,24,24,24,24,24
1720,23,23,23,23,23
2706,24,24,24,24,24
2707,24,24,24,24,24
2727,23,23,23,23,23
2729,24,24,24,24,24
2743,23,23,23,23,23
2810,23,23,23,23,23
2811,24,24,24,24,24
2876,24,24,24,24,24
2877,24,24,24,24,24
2879,24,24,24,24,24
3046,23,23,23,23,23
3444,24,24,24,24,24
2726,36,36,36,36,36
2870,61,53,61,53,61
2748,24,24,24,24,24
1249,23,23,23,23,23
1292,23,23,23,23,23
1351,24,24,24,24,24
1758,24,24,24,24,24
1107,61,53,61,53,61
1699,43,61,61,43,61
1700,61,53,61,53,61
1615,23,23,23,23,23
1139,24,24,24,24,24
1474,23,23,23,23,23
4,43,61,61,43,61
219,36,36,36,36,36
315,61,53,61,53,61
319,61,24,61,24,61
320,61,53,61,53,61
372,59,59,49,36,36
374,59,59,49,36,36
376,43,61,61,43,61
377,43,61,61,43,61
399,61,24,61,24,61
414,36,36,36,36,36
415,61,53,61,53,61
416,43,61,61,43,61
417,61,24,61,24,61
464,61,53,61,53,61
172,61,53,61,53,61
308,43,61,61,43,61
489,59,59,49,36,36
1990,24,24,24,24,24
1991,24,24,24,24,24
1998,23,23,23,23,23
2044,23,23,23,23,23
1168,23,23,23,23,23
1235,24,24,24,24,24
1372,24,24,24,24,24
1761,23,23,23,23,23
1808,23,23,23,23,23
1842,23,23,23,23,23
2736,36,36,36,36,36
2769,36,36,36,36,36
2829,59,59,49,36,36
2988,43,61,61,43,61
3075,36,36,36,36,36
3085,36,36,36,36,36
3087,61,24,61,24,61
3114,36,36,36,36,36
3125,61,24,61,24,61
3318,61,53,61,53,61
3344,36,36,36,36,36
3345,43,61,61,43,61
3346,61,53,61,53,61
3376,61,53,61,53,61
3391,43,61,61,43,61
3411,61,53,61,53,61
3454,43,61,61,43,61
3458,36,36,36,36,36
1698,24,24,24,24,24
2771,36,36,36,36,36
2772,59,59,49,36,36
2774,59,59,49,36,36
2776,43,61,61,43,61
3254,36,36,36,36,36
3255,59,59,49,36,36
3256,61,53,61,53,61
3259,61,53,61,53,61
3261,36,36,36,36,36
3295,59,59,49,36,36
3305,61,53,61,53,61
3358,61,24,61,24,61
614,24,24,24,24,24
630,23,23,23,23,23
2855,24,24,24,24,24
246,61,24,61,24,61
275,59,59,49,36,36
499,36,36,36,36,36
558,24,24,24,24,24
2682,24,24,24,24,24
2685,23,23,23,23,23
2831,23,23,23,23,23
3150,23,23,23,23,23
3398,23,23,23,23,23
1535,61,24,61,24,61
1798,43,61,61,43,61
283,61,24,61,24,61
467,61,53,61,53,61
1472,61,24,61,24,61
3425,61,53,61,53,61
3431,61,24,61,24,61
1961,61,53,61,53,61
556,59,59,49,36,36
557,36,36,36,36,36
647,36,36,36,36,36
3382,24,24,24,24,24
1743,61,24,61,24,61
1807,61,53,61,53,61
324,61,24,61,24,61
783,59,59,49,36,36
784,61,53,61,53,61
3395,24,24,24,24,24
3445,24,24,24,24,24
3280,23,23,23,23,23
3037,24,24,24,24,24
3179,23,23,23,23,23
3386,24,24,24,24,24
549,24,24,24,24,24
850,24,24,24,24,24
1196,23,23,23,23,23
1197,23,23,23,23,23
1294,24,24,24,24,24
1392,23,23,23,23,23
497,24,24,24,24,24
1270,24,24,24,24,24
1271,24,24,24,24,24
1897,23,23,23,23,23
1933,23,23,23,23,23
1934,23,23,23,23,23
1970,24,24,24,24,24
2158,24,24,24,24,24
2605,24,24,24,24,24
3277,24,24,24,24,24
823,36,36,36,36,36
1762,36,36,36,36,36
3223,23,23,23,23,23
937,61,53,61,53,61
3328,24,24,24,24,24
2689,23,23,23,23,23
2698,23,23,23,23,23
2716,23,23,23,23,23
2809,23,23,23,23,23
2871,23,23,23,23,23
2880,23,23,23,23,23
3045,23,23,23,23,23
3043,23,23,23,23,23
3279,23,23,23,23,23
2673,36,36,36,36,36
742,43,61,61,43,61
758,61,24,61,24,61
820,43,61,61,43,61
175,23,23,23,23,23
15,24,24,24,24,24
16,23,23,23,23,23
871,59,59,49,36,36
1175,24,24,24,24,24
1247,23,23,23,23,23
1260,23,23,23,23,23
539,24,24,24,24,24
544,23,23,23,23,23
580,23,23,23,23,23
606,23,23,23,23,23
607,23,23,23,23,23
796,24,24,24,24,24
814,24,24,24,24,24
816,23,23,23,23,23
817,23,23,23,23,23
840,24,24,24,24,24
842,23,23,23,23,23
560,23,23,23,23,23
641,24,24,24,24,24
64,23,23,23,23,23
90,23,23,23,23,23
371,24,24,24,24,24
373,24,24,24,24,24
375,24,24,24,24,24
93,24,24,24,24,24
318,24,24,24,24,24
1321,24,24,24,24,24
1397,24,24,24,24,24
1479,24,24,24,24,24
1740,24,24,24,24,24
1236,24,24,24,24,24
397,36,36,36,36,36
398,61,53,61,53,61
612,23,23,23,23,23
822,24,24,24,24,24
1018,24,24,24,24,24
2048,24,24,24,24,24
2049,23,23,23,23,23
2050,23,23,23,23,23
2051,23,23,23,23,23
2320,23,23,23,23,23
2535,24,24,24,24,24
2054,23,23,23,23,23
2055,23,23,23,23,23
2520,23,23,23,23,23
686,61,24,61,24,61
841,36,36,36,36,36
522,23,23,23,23,23
529,23,23,23,23,23
553,24,24,24,24,24
2064,23,23,23,23,23
2065,23,23,23,23,23
2066,23,23,23,23,23
2067,24,24,24,24,24
2219,23,23,23,23,23
2220,24,24,24,24,24
2549,23,23,23,23,23
2145,59,59,49,36,36
2146,59,59,49,36,36
2175,61,24,61,24,61
2606,36,36,36,36,36
1174,23,23,23,23,23
1180,23,23,23,23,23
1181,24,24,24,24,24
1439,23,23,23,23,23
1450,23,23,23,23,23
1467,24,24,24,24,24
1589,24,24,24,24,24
1737,23,23,23,23,23
1745,23,23,23,23,23
1752,24,24,24,24,24
1843,23,23,23,23,23
1209,24,24,24,24,24
1789,24,24,24,24,24
1,36,36,36,36,36
253,59,59,49,36,36
330,59,59,49,36,36
353,43,61,61,43,61
212,59,59,49,36,36
2159,23,23,23,23,23
2532,23,23,23,23,23
2024,24,24,24,24,24
2025,23,23,23,23,23
2345,23,23,23,23,23
2595,24,24,24,24,24
624,24,24,24,24,24
629,24,24,24,24,24
787,23,23,23,23,23
866,24,24,24,24,24
1207,23,23,23,23,23
1258,24,24,24,24,24
1319,24,24,24,24,24
1383,23,23,23,23,23
1477,23,23,23,23,23
1482,23,23,23,23,23
1728,23,23,23,23,23
1748,23,23,23,23,23
685,61,53,61,53,61
3040,24,24,24,24,24
3051,23,23,23,23,23
3056,23,23,23,23,23
3057,24,24,24,24,24
3121,24,24,24,24,24
3325,24,24,24,24,24
3329,24,24,24,24,24
3330,24,24,24,24,24
3307,24,24,24,24,24
3308,23,23,23,23,23
3309,23,23,23,23,23
3310,24,24,24,24,24
3311,23,23,23,23,23
3324,24,24,24,24,24
3035,61,24,61,24,61
2756,24,24,24,24,24
2757,23,23,23,23,23
3052,24,24,24,24,24
3053,23,23,23,23,23
3059,23,23,23,23,23
3082,23,23,23,23,23
3356,23,23,23,23,23
3438,24,24,24,24,24
1248,23,23,23,23,23
1469,24,24,24,24,24
1480,24,24,24,24,24
1744,23,23,23,23,23
2732,23,23,23,23,23
2740,23,23,23,23,23
2754,24,24,24,24,24
2755,24,24,24,24,24
2758,23,23,23,23,23
2762,24,24,24,24,24
2764,24,24,24,24,24
2765,23,23,23,23,23
2766,24,24,24,24,24
2773,24,24,24,24,24
2775,24,24,24,24,24
2777,24,24,24,24,24
2778,23,23,23,23,23
2805,23,23,23,23,23
2813,24,24,24,24,24
2827,24,24,24,24,24
2833,24,24,24,24,24
2834,23,23,23,23,23
2883,23,23,23,23,23
2884,24,24,24,24,24
2898,24,24,24,24,24
2899,23,23,23,23,23
2901,24,24,24,24,24
2902,23,23,23,23,23
2905,23,23,23,23,23
2907,24,24,24,24,24
2908,24,24,24,24,24
2910,23,23,23,23,23
2950,24,24,24,24,24
2959,23,23,23,23,23
2971,24,24,24,24,24
2974,23,23,23,23,23
2987,23,23,23,23,23
3041,23,23,23,23,23
3044,23,23,23,23,23
3050,23,23,23,23,23
3054,24,24,24,24,24
3058,23,23,23,23,23
3060,24,24,24,24,24
3061,24,24,24,24,24
3062,23,23,23,23,23
3064,24,24,24,24,24
3077,23,23,23,23,23
3078,24,24,24,24,24
3093,24,24,24,24,24
3094,24,24,24,24,24
3095,23,23,23,23,23
3096,24,24,24,24,24
3097,24,24,24,24,24
3098,24,24,24,24,24
3110,24,24,24,24,24
3112,24,24,24,24,24
3113,24,24,24,24,24
3115,24,24,24,24,24
3151,23,23,23,23,23
3236,24,24,24,24,24
3237,24,24,24,24,24
3238,24,24,24,24,24
3240,24,24,24,24,24
3241,24,24,24,24,24
3242,24,24,24,24,24
3245,23,23,23,23,23
3246,24,24,24,24,24
3247,24,24,24,24,24
3248,23,23,23,23,23
3249,24,24,24,24,24
3250,24,24,24,24,24
3267,23,23,23,23,23
3268,23,23,23,23,23
3269,24,24,24,24,24
3270,23,23,23,23,23
3286,23,23,23,23,23
3287,24,24,24,24,24
3288,23,23,23,23,23
3293,24,24,24,24,24
3294,24,24,24,24,24
3299,24,24,24,24,24
3300,23,23,23,23,23
3301,24,24,24,24,24
3302,24,24,24,24,24
3313,24,24,24,24,24
3314,23,23,23,23,23
3315,23,23,23,23,23
3319,24,24,24,24,24
3320,23,23,23,23,23
3331,24,24,24,24,24
3332,23,23,23,23,23
3333,23,23,23,23,23
3334,24,24,24,24,24
3335,23,23,23,23,23
3336,23,23,23,23,23
3338,23,23,23,23,23
3342,24,24,24,24,24
3361,23,23,23,23,23
3372,23,23,23,23,23
3389,24,24,24,24,24
3390,24,24,24,24,24
3396,23,23,23,23,23
3430,24,24,24,24,24
3453,24,24,24,24,24
3303,23,23,23,23,23
3360,24,24,24,24,24
2770,24,24,24,24,24
2906,43,61,61,43,61
2972,43,61,61,43,61
2973,59,59,49,36,36
2994,61,53,61,53,61
2995,61,53,61,53,61
3063,36,36,36,36,36
3090,36,36,36,36,36
3091,61,24,61,24,61
3306,43,61,61,43,61
3357,59,59,49,36,36
1403,59,59,49,36,36
1404,59,59,49,36,36
1634,59,59,49,36,36
1683,61,53,61,53,61
1695,61,24,61,24,61
1703,61,53,61,53,61
1821,59,59,49,36,36
461,61,53,61,53,61
101,23,23,23,23,23
209,23,23,23,23,23
378,23,23,23,23,23
379,23,23,23,23,23
380,24,24,24,24,24
382,24,24,24,24,24
92,23,23,23,23,23
280,24,24,24,24,24
262,59,59,49,36,36
442,43,61,61,43,61
443,61,24,61,24,61
460,61,24,61,24,61
694,61,24,61,24,61
819,36,36,36,36,36
3,24,24,24,24,24
5,23,23,23,23,23
12,23,23,23,23,23
13,23,23,23,23,23
14,24,24,24,24,24
17,23,23,23,23,23
18,23,23,23,23,23
19,23,23,23,23,23
20,24,24,24,24,24
23,24,24,24,24,24
24,24,24,24,24,24
25,23,23,23,23,23
26,23,23,23,23,23
27,24,24,24,24,24
28,24,24,24,24,24
29,23,23,23,23,23
30,23,23,23,23,23
31,24,24,24,24,24
32,24,24,24,24,24
33,24,24,24,24,24
34,23,23,23,23,23
35,24,24,24,24,24
36,24,24,24,24,24
37,24,24,24,24,24
38,24,24,24,24,24
41,23,23,23,23,23
42,23,23,23,23,23
43,23,23,23,23,23
44,24,24,24,24,24
45,23,23,23,23,23
46,23,23,23,23,23
47,24,24,24,24,24
48,24,24,24,24,24
49,23,23,23,23,23
50,24,24,24,24,24
51,23,23,23,23,23
52,24,24,24,24,24
53,24,24,24,24,24
54,23,23,23,23,23
55,24,24,24,24,24
56,23,23,23,23,23
57,24,24,24,24,24
58,24,24,24,24,24
59,24,24,24,24,24
60,24,24,24,24,24
61,23,23,23,23,23
63,24,24,24,24,24
67,23,23,23,23,23
68,24,24,24,24,24
70,24,24,24,24,24
71,24,24,24,24,24
72,23,23,23,23,23
75,23,23,23,23,23
76,23,23,23,23,23
77,23,23,23,23,23
78,23,23,23,23,23
81,24,24,24,24,24
86,24,24,24,24,24
87,24,24,24,24,24
97,24,24,24,24,24
102,23,23,23,23,23
103,24,24,24,24,24
104,24,24,24,24,24
105,23,23,23,23,23
106,23,23,23,23,23
107,24,24,24,24,24
108,23,23,23,23,23
109,23,23,23,23,23
110,23,23,23,23,23
114,24,24,24,24,24
115,23,23,23,23,23
116,24,24,24,24,24
117,23,23,23,23,23
118,23,23,23,23,23
119,23,23,23,23,23
120,23,23,23,23,23
121,23,23,23,23,23
122,23,23,23,23,23
123,23,23,23,23,23
124,23,23,23,23,23
126,23,23,23,23,23
128,23,23,23,23,23
129,24,24,24,24,24
130,24,24,24,24,24
132,24,24,24,24,24
133,24,24,24,24,24
134,23,23,23,23,23
135,24,24,24,24,24
136,23,23,23,23,23
137,24,24,24,24,24
138,23,23,23,23,23
140,24,24,24,24,24
144,23,23,23,23,23
145,24,24,24,24,24
146,24,24,24,24,24
147,24,24,24,24,24
148,24,24,24,24,24
149,23,23,23,23,23
150,23,23,23,23,23
151,24,24,24,24,24
152,24,24,24,24,24
153,24,24,24,24,24
154,23,23,23,23,23
155,24,24,24,24,24
156,23,23,23,23,23
157,23,23,23,23,23
158,23,23,23,23,23
159,23,23,23,23,23
160,23,23,23,23,23
161,23,23,23,23,23
162,24,24,24,24,24
163,24,24,24,24,24
164,23,23,23,23,23
166,24,24,24,24,24
167,24,24,24,24,24
169,23,23,23,23,23
170,24,24,24,24,24
171,24,24,24,24,24
173,23,23,23,23,23
174,23,23,23,23,23
177,24,24,24,24,24
178,24,24,24,24,24
179,24,24,24,24,24
180,23,23,23,23,23
181,24,24,24,24,24
182,23,23,23,23,23
183,24,24,24,24,24
184,24,24,24,24,24
185,24,24,24,24,24
186,24,24,24,24,24
187,24,24,24,24,24
190,23,23,23,23,23
191,24,24,24,24,24
192,24,24,24,24,24
195,23,23,23,23,23
196,23,23,23,23,23
197,24,24,24,24,24
198,24,24,24,24,24
199,23,23,23,23,23
200,23,23,23,23,23
201,23,23,23,23,23
202,23,23,23,23,23
203,24,24,24,24,24
206,24,24,24,24,24
207,23,23,23,23,23
211,23,23,23,23,23
213,23,23,23,23,23
214,23,23,23,23,23
220,23,23,23,23,23
221,23,23,23,23,23
222,24,24,24,24,24
224,23,23,23,23,23
225,23,23,23,23,23
226,24,24,24,24,24
227,23,23,23,23,23
228,23,23,23,23,23
229,24,24,24,24,24
231,23,23,23,23,23
232,23,23,23,23,23
233,23,23,23,23,23
234,23,23,23,23,23
235,24,24,24,24,24
236,24,24,24,24,24
237,24,24,24,24,24
238,23,23,23,23,23
239,24,24,24,24,24
241,23,23,23,23,23
244,23,23,23,23,23
245,23,23,23,23,23
248,23,23,23,23,23
250,23,23,23,23,23
251,24,24,24,24,24
252,24,24,24,24,24
255,24,24,24,24,24
256,23,23,23,23,23
257,24,24,24,24,24
258,24,24,24,24,24
259,24,24,24,24,24
260,23,23,23,23,23
261,24,24,24,24,24
263,24,24,24,24,24
264,23,23,23,23,23
265,24,24,24,24,24
266,24,24,24,24,24
269,24,24,24,24,24
270,24,24,24,24,24
271,24,24,24,24,24
273,23,23,23,23,23
277,23,23,23,23,23
278,23,23,23,23,23
279,23,23,23,23,23
281,24,24,24,24,24
282,24,24,24,24,24
284,23,23,23,23,23
285,24,24,24,24,24
286,24,24,24,24,24
287,24,24,24,24,24
290,23,23,23,23,23
291,24,24,24,24,24
296,23,23,23,23,23
297,23,23,23,23,23
298,23,23,23,23,23
299,24,24,24,24,24
300,24,24,24,24,24
301,23,23,23,23,23
302,24,24,24,24,24
303,23,23,23,23,23
304,24,24,24,24,24
305,24,24,24,24,24
306,23,23,23,23,23
307,24,24,24,24,24
311,24,24,24,24,24
314,23,23,23,23,23
316,24,24,24,24,24
317,24,24,24,24,24
321,23,23,23,23,23
322,23,23,23,23,23
323,23,23,23,23,23
328,24,24,24,24,24
329,23,23,23,23,23
331,24,24,24,24,24
332,23,23,23,23,23
333,23,23,23,23,23
334,23,23,23,23,23
335,24,24,24,24,24
336,23,23,23,23,23
337,24,24,24,24,24
338,24,24,24,24,24
339,24,24,24,24,24
340,23,23,23,23,23
341,23,23,23,23,23
342,24,24,24,24,24
343,23,23,23,23,23
344,23,23,23,23,23
345,23,23,23,23,23
346,23,23,23,23,23
347,24,24,24,24,24
348,23,23,23,23,23
349,24,24,24,24,24
350,24,24,24,24,24
351,23,23,23,23,23
360,24,24,24,24,24
362,24,24,24,24,24
365,24,24,24,24,24
367,23,23,23,23,23
369,24,24,24,24,24
381,24,24,24,24,24
385,24,24,24,24,24
386,24,24,24,24,24
387,24,24,24,24,24
388,24,24,24,24,24
389,23,23,23,23,23
390,23,23,23,23,23
391,23,23,23,23,23
396,24,24,24,24,24
400,23,23,23,23,23
401,23,23,23,23,23
402,23,23,23,23,23
403,24,24,24,24,24
404,23,23,23,23,23
405,24,24,24,24,24
406,23,23,23,23,23
411,23,23,23,23,23
412,24,24,24,24,24
413,24,24,24,24,24
418,23,23,23,23,23
419,23,23,23,23,23
421,24,24,24,24,24
422,24,24,24,24,24
427,23,23,23,23,23
428,24,24,24,24,24
429,24,24,24,24,24
430,23,23,23,23,23
431,23,23,23,23,23
432,24,24,24,24,24
435,24,24,24,24,24
436,24,24,24,24,24
437,24,24,24,24,24
438,24,24,24,24,24
440,23,23,23,23,23
441,24,24,24,24,24
447,24,24,24,24,24
448,24,24,24,24,24
450,23,23,23,23,23
451,23,23,23,23,23
452,24,24,24,24,24
453,23,23,23,23,23
455,23,23,23,23,23
456,23,23,23,23,23
457,23,23,23,23,23
458,23,23,23,23,23
459,24,24,24,24,24
463,23,23,23,23,23
465,23,23,23,23,23
466,23,23,23,23,23
468,24,24,24,24,24
470,23,23,23,23,23
471,23,23,23,23,23
472,24,24,24,24,24
473,23,23,23,23,23
475,24,24,24,24,24
476,23,23,23,23,23
477,23,23,23,23,23
478,23,23,23,23,23
482,24,24,24,24,24
486,23,23,23,23,23
487,24,24,24,24,24
488,23,23,23,23,23
490,24,24,24,24,24
491,24,24,24,24,24
492,24,24,24,24,24
493,24,24,24,24,24
494,23,23,23,23,23
498,23,23,23,23,23
500,23,23,23,23,23
501,23,23,23,23,23
503,23,23,23,23,23
510,23,23,23,23,23
512,24,24,24,24,24
513,24,24,24,24,24
514,24,24,24,24,24
516,23,23,23,23,23
520,23,23,23,23,23
523,24,24,24,24,24
524,24,24,24,24,24
525,23,23,23,23,23
526,23,23,23,23,23
527,23,23,23,23,23
528,23,23,23,23,23
532,23,23,23,23,23
535,23,23,23,23,23
541,24,24,24,24,24
543,23,23,23,23,23
545,24,24,24,24,24
550,24,24,24,24,24
551,23,23,23,23,23
554,23,23,23,23,23
559,24,24,24,24,24
561,24,24,24,24,24
562,24,24,24,24,24
563,23,23,23,23,23
564,23,23,23,23,23
566,23,23,23,23,23
567,23,23,23,23,23
568,23,23,23,23,23
569,23,23,23,23,23
570,24,24,24,24,24
571,23,23,23,23,23
572,24,24,24,24,24
573,24,24,24,24,24
574,23,23,23,23,23
575,24,24,24,24,24
581,24,24,24,24,24
582,23,23,23,23,23
583,23,23,23,23,23
585,23,23,23,23,23
588,23,23,23,23,23
589,24,24,24,24,24
591,23,23,23,23,23
592,24,24,24,24,24
593,24,24,24,24,24
600,23,23,23,23,23
602,23,23,23,23,23
608,24,24,24,24,24
610,23,23,23,23,23
613,23,23,23,23,23
615,23,23,23,23,23
618,23,23,23,23,23
619,23,23,23,23,23
625,24,24,24,24,24
626,23,23,23,23,23
627,24,24,24,24,24
628,24,24,24,24,24
631,24,24,24,24,24
633,23,23,23,23,23
635,24,24,24,24,24
636,23,23,23,23,23
637,24,24,24,24,24
638,24,24,24,24,24
642,24,24,24,24,24
643,23,23,23,23,23
644,24,24,24,24,24
645,24,24,24,24,24
646,24,24,24,24,24
649,23,23,23,23,23
650,23,23,23,23,23
652,23,23,23,23,23
653,23,23,23,23,23
655,24,24,24,24,24
657,23,23,23,23,23
658,23,23,23,23,23
661,23,23,23,23,23
664,24,24,24,24,24
665,24,24,24,24,24
666,23,23,23,23,23
667,24,24,24,24,24
668,24,24,24,24,24
669,24,24,24,24,24
670,24,24,24,24,24
671,23,23,23,23,23
672,23,23,23,23,23
673,24,24,24,24,24
674,24,24,24,24,24
675,23,23,23,23,23
678,24,24,24,24,24
681,24,24,24,24,24
682,23,23,23,23,23
683,23,23,23,23,23
684,23,23,23,23,23
693,24,24,24,24,24
696,23,23,23,23,23
697,24,24,24,24,24
698,24,24,24,24,24
699,24,24,24,24,24
701,23,23,23,23,23
702,24,24,24,24,24
703,23,23,23,23,23
707,24,24,24,24,24
710,24,24,24,24,24
711,23,23,23,23,23
712,24,24,24,24,24
713,24,24,24,24,24
714,24,24,24,24,24
715,24,24,24,24,24
716,23,23,23,23,23
717,24,24,24,24,24
718,24,24,24,24,24
719,23,23,23,23,23
721,24,24,24,24,24
723,24,24,24,24,24
724,23,23,23,23,23
725,24,24,24,24,24
726,24,24,24,24,24
728,24,24,24,24,24
730,23,23,23,23,23
731,23,23,23,23,23
732,24,24,24,24,24
733,23,23,23,23,23
735,23,23,23,23,23
739,24,24,24,24,24
741,24,24,24,24,24
743,24,24,24,24,24
744,23,23,23,23,23
745,23,23,23,23,23
746,24,24,24,24,24
747,23,23,23,23,23
748,23,23,23,23,23
751,24,24,24,24,24
752,24,24,24,24,24
754,24,24,24,24,24
755,23,23,23,23,23
757,24,24,24,24,24
759,24,24,24,24,24
763,24,24,24,24,24
766,23,23,23,23,23
767,24,24,24,24,24
768,23,23,23,23,23
769,23,23,23,23,23
773,24,24,24,24,24
779,23,23,23,23,23
780,24,24,24,24,24
785,23,23,23,23,23
786,24,24,24,24,24
801,23,23,23,23,23
808,24,24,24,24,24
809,23,23,23,23,23
818,23,23,23,23,23
821,24,24,24,24,24
824,24,24,24,24,24
826,24,24,24,24,24
829,24,24,24,24,24
830,23,23,23,23,23
831,24,24,24,24,24
832,23,23,23,23,23
834,23,23,23,23,23
835,24,24,24,24,24
837,23,23,23,23,23
839,23,23,23,23,23
845,24,24,24,24,24
846,23,23,23,23,23
848,23,23,23,23,23
851,23,23,23,23,23
852,23,23,23,23,23
853,24,24,24,24,24
854,24,24,24,24,24
855,24,24,24,24,24
857,23,23,23,23,23
858,24,24,24,24,24
859,24,24,24,24,24
860,24,24,24,24,24
861,24,24,24,24,24
862,23,23,23,23,23
863,23,23,23,23,23
865,24,24,24,24,24
868,23,23,23,23,23
870,24,24,24,24,24
875,23,23,23,23,23
876,24,24,24,24,24
877,24,24,24,24,24
878,24,24,24,24,24
879,23,23,23,23,23
880,23,23,23,23,23
881,24,24,24,24,24
882,24,24,24,24,24
883,23,23,23,23,23
885,24,24,24,24,24
886,23,23,23,23,23
887,24,24,24,24,24
888,24,24,24,24,24
890,23,23,23,23,23
892,23,23,23,23,23
894,24,24,24,24,24
895,24,24,24,24,24
896,23,23,23,23,23
897,24,24,24,24,24
899,24,24,24,24,24
900,23,23,23,23,23
901,23,23,23,23,23
902,23,23,23,23,23
903,23,23,23,23,23
904,23,23,23,23,23
905,23,23,23,23,23
906,23,23,23,23,23
907,23,23,23,23,23
908,23,23,23,23,23
909,24,24,24,24,24
912,23,23,23,23,23
913,23,23,23,23,23
914,24,24,24,24,24
915,23,23,23,23,23
916,24,24,24,24,24
917,23,23,23,23,23
918,23,23,23,23,23
919,23,23,23,23,23
920,24,24,24,24,24
921,23,23,23,23,23
922,23,23,23,23,23
923,23,23,23,23,23
924,23,23,23,23,23
925,24,24,24,24,24
926,23,23,23,23,23
927,23,23,23,23,23
928,24,24,24,24,24
929,24,24,24,24,24
930,23,23,23,23,23
931,24,24,24,24,24
932,23,23,23,23,23
933,23,23,23,23,23
934,23,23,23,23,23
935,24,24,24,24,24
936,24,24,24,24,24
938,24,24,24,24,24
939,24,24,24,24,24
940,24,24,24,24,24
941,24,24,24,24,24
943,24,24,24,24,24
944,24,24,24,24,24
945,24,24,24,24,24
946,24,24,24,24,24
948,24,24,24,24,24
950,24,24,24,24,24
951,24,24,24,24,24
953,24,24,24,24,24
954,24,24,24,24,24
955,24,24,24,24,24
956,24,24,24,24,24
957,24,24,24,24,24
958,24,24,24,24,24
959,24,24,24,24,24
961,23,23,23,23,23
962,23,23,23,23,23
963,23,23,23,23,23
964,24,24,24,24,24
965,23,23,23,23,23
966,23,23,23,23,23
967,24,24,24,24,24
968,24,24,24,24,24
969,24,24,24,24,24
970,23,23,23,23,23
971,23,23,23,23,23
972,23,23,23,23,23
973,24,24,24,24,24
974,24,24,24,24,24
975,24,24,24,24,24
976,23,23,23,23,23
977,23,23,23,23,23
978,24,24,24,24,24
979,24,24,24,24,24
980,24,24,24,24,24
981,23,23,23,23,23
982,24,24,24,24,24
983,23,23,23,23,23
984,24,24,24,24,24
986,24,24,24,24,24
987,23,23,23,23,23
989,23,23,23,23,23
990,23,23,23,23,23
991,24,24,24,24,24
992,24,24,24,24,24
993,23,23,23,23,23
994,23,23,23,23,23
995,24,24,24,24,24
996,23,23,23,23,23
997,23,23,23,23,23
998,23,23,23,23,23
999,23,23,23,23,23
1000,24,24,24,24,24
1001,23,23,23,23,23
1002,24,24,24,24,24
1003,23,23,23,23,23
1004,24,24,24,24,24
1005,24,24,24,24,24
1006,24,24,24,24,24
1007,23,23,23,23,23
1008,23,23,23,23,23
1009,23,23,23,23,23
1010,24,24,24,24,24
1011,24,24,24,24,24
1012,24,24,24,24,24
1013,24,24,24,24,24
1014,23,23,23,23,23
1015,24,24,24,24,24
1016,24,24,24,24,24
1017,24,24,24,24,24
1019,23,23,23,23,23
1020,24,24,24,24,24
1021,23,23,23,23,23
1022,23,23,23,23,23
1024,24,24,24,24,24
1025,23,23,23,23,23
1026,23,23,23,23,23
1028,23,23,23,23,23
1029,24,24,24,24,24
1030,23,23,23,23,23
1031,23,23,23,23,23
1032,24,24,24,24,24
1033,23,23,23,23,23
1034,23,23,23,23,23
1035,24,24,24,24,24
1036,23,23,23,23,23
1038,24,24,24,24,24
1039,23,23,23,23,23
1040,24,24,24,24,24
1041,24,24,24,24,24
1042,23,23,23,23,23
1044,24,24,24,24,24
1045,23,23,23,23,23
1046,23,23,23,23,23
1047,23,23,23,23,23
1048,23,23,23,23,23
1049,23,23,23,23,23
1050,23,23,23,23,23
1051,24,24,24,24,24
1052,24,24,24,24,24
1057,24,24,24,24,24
1071,23,23,23,23,23
1072,23,23,23,23,23
1073,23,23,23,23,23
1074,24,24,24,24,24
1075,23,23,23,23,23
1076,23,23,23,23,23
1077,23,23,23,23,23
1078,23,23,23,23,23
1079,23,23,23,23,23
1083,24,24,24,24,24
1085,24,24,24,24,24
1086,23,23,23,23,23
1087,23,23,23,23,23
1088,24,24,24,24,24
1089,24,24,24,24,24
1090,23,23,23,23,23
1091,24,24,24,24,24
1092,23,23,23,23,23
1096,23,23,23,23,23
1103,23,23,23,23,23
1105,23,23,23,23,23
1108,24,24,24,24,24
1109,24,24,24,24,24
1112,23,23,23,23,23
1114,24,24,24,24,24
1115,24,24,24,24,24
1116,24,24,24,24,24
1117,23,23,23,23,23
1120,24,24,24,24,24
1121,23,23,23,23,23
1122,24,24,24,24,24
1123,23,23,23,23,23
1126,24,24,24,24,24
1127,23,23,23,23,23
1129,24,24,24,24,24
1130,24,24,24,24,24
1131,23,23,23,23,23
1132,24,24,24,24,24
1133,23,23,23,23,23
1134,24,24,24,24,24
1135,23,23,23,23,23
1136,23,23,23,23,23
1137,24,24,24,24,24
1138,23,23,23,23,23
1140,23,23,23,23,23
1141,24,24,24,24,24
1142,23,23,23,23,23
1147,24,24,24,24,24
1148,24,24,24,24,24
1149,23,23,23,23,23
1150,24,24,24,24,24
1151,24,24,24,24,24
1152,23,23,23,23,23
1153,23,23,23,23,23
1154,24,24,24,24,24
1155,23,23,23,23,23
1156,23,23,23,23,23
1157,24,24,24,24,24
1158,24,24,24,24,24
1159,24,24,24,24,24
1160,24,24,24,24,24
1161,24,24,24,24,24
1162,24,24,24,24,24
1163,23,23,23,23,23
1164,23,23,23,23,23
1165,23,23,23,23,23
1166,23,23,23,23,23
1170,23,23,23,23,23
1171,24,24,24,24,24
1173,23,23,23,23,23
1186,24,24,24,24,24
1187,23,23,23,23,23
1190,23,23,23,23,23
1191,23,23,23,23,23
1198,23,23,23,23,23
1199,24,24,24,24,24
1200,23,23,23,23,23
1201,23,23,23,23,23
1202,23,23,23,23,23
1203,24,24,24,24,24
1204,23,23,23,23,23
1205,23,23,23,23,23
1206,23,23,23,23,23
1210,23,23,23,23,23
1213,23,23,23,23,23
1214,24,24,24,24,24
1215,23,23,23,23,23
1220,24,24,24,24,24
1221,23,23,23,23,23
1225,23,23,23,23,23
1226,23,23,23,23,23
1227,24,24,24,24,24
1228,23,23,23,23,23
1229,24,24,24,24,24
1230,24,24,24,24,24
1231,24,24,24,24,24
1232,23,23,23,23,23
1234,23,23,23,23,23
1237,24,24,24,24,24
1239,23,23,23,23,23
1240,23,23,23,23,23
1241,23,23,23,23,23
1242,24,24,24,24,24
1243,24,24,24,24,24
1245,23,23,23,23,23
1250,24,24,24,24,24
1251,24,24,24,24,24
1252,23,23,23,23,23
1253,23,23,23,23,23
1254,23,23,23,23,23
1255,23,23,23,23,23
1256,24,24,24,24,24
1257,24,24,24,24,24
1259,24,24,24,24,24
1261,23,23,23,23,23
1264,24,24,24,24,24
1269,24,24,24,24,24
1272,24,24,24,24,24
1273,24,24,24,24,24
1274,24,24,24,24,24
1275,24,24,24,24,24
1276,24,24,24,24,24
1277,23,23,23,23,23
1280,23,23,23,23,23
1281,23,23,23,23,23
1282,24,24,24,24,24
1283,24,24,24,24,24
1286,23,23,23,23,23
1287,23,23,23,23,23
1293,24,24,24,24,24
1295,23,23,23,23,23
1296,23,23,23,23,23
1297,24,24,24,24,24
1299,23,23,23,23,23
1300,24,24,24,24,24
1301,23,23,23,23,23
1303,23,23,23,23,23
1305,23,23,23,23,23
1306,24,24,24,24,24
1307,24,24,24,24,24
1308,24,24,24,24,24
1309,23,23,23,23,23
1310,23,23,23,23,23
1311,24,24,24,24,24
1312,23,23,23,23,23
1313,24,24,24,24,24
1314,23,23,23,23,23
1315,24,24,24,24,24
1316,23,23,23,23,23
1317,23,23,23,23,23
1318,24,24,24,24,24
1320,23,23,23,23,23
1323,23,23,23,23,23
1324,23,23,23,23,23
1330,24,24,24,24,24
1331,24,24,24,24,24
1332,24,24,24,24,24
1333,24,24,24,24,24
1334,23,23,23,23,23
1335,24,24,24,24,24
1336,24,24,24,24,24
1337,24,24,24,24,24
1338,24,24,24,24,24
1339,23,23,23,23,23
1340,24,24,24,24,24
1341,24,24,24,24,24
1342,24,24,24,24,24
1343,24,24,24,24,24
1344,23,23,23,23,23
1345,24,24,24,24,24
1346,24,24,24,24,24
1347,23,23,23,23,23
1348,24,24,24,24,24
1350,23,23,23,23,23
1353,23,23,23,23,23
1354,24,24,24,24,24
1358,23,23,23,23,23
1359,24,24,24,24,24
1360,23,23,23,23,23
1361,24,24,24,24,24
1362,23,23,23,23,23
1363,23,23,23,23,23
1364,24,24,24,24,24
1365,24,24,24,24,24
1366,23,23,23,23,23
1369,23,23,23,23,23
1370,23,23,23,23,23
1371,24,24,24,24,24
1373,24,24,24,24,24
1375,24,24,24,24,24
1376,24,24,24,24,24
1377,23,23,23,23,23
1378,23,23,23,23,23
1380,23,23,23,23,23
1382,23,23,23,23,23
1384,24,24,24,24,24
1387,23,23,23,23,23
1388,23,23,23,23,23
1389,24,24,24,24,24
1390,23,23,23,23,23
1391,24,24,24,24,24
1393,24,24,24,24,24
1394,23,23,23,23,23
1395,23,23,23,23,23
1396,24,24,24,24,24
1401,23,23,23,23,23
1402,24,24,24,24,24
1407,23,23,23,23,23
1408,24,24,24,24,24
1409,23,23,23,23,23
1411,23,23,23,23,23
1412,23,23,23,23,23
1413,24,24,24,24,24
1414,24,24,24,24,24
1415,23,23,23,23,23
1416,24,24,24,24,24
1417,23,23,23,23,23
1418,24,24,24,24,24
1419,24,24,24,24,24
1420,23,23,23,23,23
1421,24,24,24,24,24
1422,23,23,23,23,23
1423,24,24,24,24,24
1424,24,24,24,24,24
1425,23,23,23,23,23
1427,24,24,24,24,24
1428,23,23,23,23,23
1429,24,24,24,24,24
1430,23,23,23,23,23
1433,23,23,23,23,23
1436,23,23,23,23,23
1437,23,23,23,23,23
1438,24,24,24,24,24
1441,24,24,24,24,24
1442,23,23,23,23,23
1443,24,24,24,24,24
1444,23,23,23,23,23
1445,23,23,23,23,23
1446,23,23,23,23,23
1447,24,24,24,24,24
1448,24,24,24,24,24
1449,24,24,24,24,24
1452,24,24,24,24,24
1455,23,23,23,23,23
1456,24,24,24,24,24
1457,24,24,24,24,24
1458,23,23,23,23,23
1461,24,24,24,24,24
1485,24,24,24,24,24
1486,24,24,24,24,24
1487,24,24,24,24,24
1488,24,24,24,24,24
1491,24,24,24,24,24
1492,24,24,24,24,24
1493,23,23,23,23,23
1494,24,24,24,24,24
1495,23,23,23,23,23
1496,24,24,24,24,24
1497,23,23,23,23,23
1498,24,24,24,24,24
1499,24,24,24,24,24
1500,24,24,24,24,24
1501,23,23,23,23,23
1502,24,24,24,24,24
1503,24,24,24,24,24
1504,24,24,24,24,24
1505,24,24,24,24,24
1506,23,23,23,23,23
1508,23,23,23,23,23
1509,24,24,24,24,24
1510,24,24,24,24,24
1512,23,23,23,23,23
1513,23,23,23,23,23
1514,24,24,24,24,24
1515,24,24,24,24,24
1516,24,24,24,24,24
1517,23,23,23,23,23
1518,24,24,24,24,24
1519,23,23,23,23,23
1520,24,24,24,24,24
1521,24,24,24,24,24
1522,23,23,23,23,23
1523,23,23,23,23,23
1524,23,23,23,23,23
1525,23,23,23,23,23
1526,23,23,23,23,23
1527,24,24,24,24,24
1528,23,23,23,23,23
1529,24,24,24,24,24
1530,23,23,23,23,23
1531,23,23,23,23,23
1532,24,24,24,24,24
1533,23,23,23,23,23
1534,23,23,23,23,23
1536,24,24,24,24,24
1537,23,23,23,23,23
1538,24,24,24,24,24
1540,24,24,24,24,24
1541,24,24,24,24,24
1542,23,23,23,23,23
1543,24,24,24,24,24
1544,23,23,23,23,23
1545,23,23,23,23,23
1546,23,23,23,23,23
1547,24,24,24,24,24
1548,23,23,23,23,23
1549,23,23,23,23,23
1551,23,23,23,23,23
1552,23,23,23,23,23
1553,23,23,23,23,23
1554,24,24,24,24,24
1555,23,23,23,23,23
1556,24,24,24,24,24
1557,23,23,23,23,23
1558,24,24,24,24,24
1559,23,23,23,23,23
1560,23,23,23,23,23
1561,23,23,23,23,23
1562,24,24,24,24,24
1563,23,23,23,23,23
1564,24,24,24,24,24
1566,23,23,23,23,23
1567,23,23,23,23,23
1568,23,23,23,23,23
1569,24,24,24,24,24
1570,24,24,24,24,24
1571,23,23,23,23,23
1572,23,23,23,23,23
1573,24,24,24,24,24
1574,23,23,23,23,23
1575,24,24,24,24,24
1576,23,23,23,23,23
1577,23,23,23,23,23
1578,24,24,24,24,24
1579,23,23,23,23,23
1580,24,24,24,24,24
1581,24,24,24,24,24
1583,23,23,23,23,23
1584,24,24,24,24,24
1585,23,23,23,23,23
1586,23,23,23,23,23
1587,24,24,24,24,24
1588,24,24,24,24,24
1590,23,23,23,23,23
1591,24,24,24,24,24
1592,24,24,24,24,24
1593,24,24,24,24,24
1594,23,23,23,23,23
1595,23,23,23,23,23
1596,23,23,23,23,23
1597,24,24,24,24,24
1598,23,23,23,23,23
1599,24,24,24,24,24
1600,24,24,24,24,24
1601,23,23,23,23,23
1602,23,23,23,23,23
1603,23,23,23,23,23
1604,23,23,23,23,23
1605,23,23,23,23,23
1606,24,24,24,24,24
1607,24,24,24,24,24
1608,23,23,23,23,23
1609,23,23,23,23,23
1610,23,23,23,23,23
1611,24,24,24,24,24
1612,24,24,24,24,24
1613,23,23,23,23,23
1614,23,23,23,23,23
1616,23,23,23,23,23
1617,24,24,24,24,24
1618,23,23,23,23,23
1619,23,23,23,23,23
1620,23,23,23,23,23
1621,23,23,23,23,23
1622,24,24,24,24,24
1623,24,24,24,24,24
1624,24,24,24,24,24
1625,24,24,24,24,24
1626,24,24,24,24,24
1628,23,23,23,23,23
1629,24,24,24,24,24
1630,24,24,24,24,24
1632,23,23,23,23,23
1636,24,24,24,24,24
1637,24,24,24,24,24
1638,23,23,23,23,23
1639,23,23,23,23,23
1640,23,23,23,23,23
1641,24,24,24,24,24
1642,23,23,23,23,23
1643,23,23,23,23,23
1644,24,24,24,24,24
1645,23,23,23,23,23
1646,23,23,23,23,23
1647,23,23,23,23,23
1648,23,23,23,23,23
1649,23,23,23,23,23
1650,23,23,23,23,23
1651,24,24,24,24,24
1652,23,23,23,23,23
1653,24,24,24,24,24
1654,24,24,24,24,24
1655,23,23,23,23,23
1656,23,23,23,23,23
1657,24,24,24,24,24
1658,23,23,23,23,23
1659,24,24,24,24,24
1660,23,23,23,23,23
1661,24,24,24,24,24
1662,24,24,24,24,24
1663,23,23,23,23,23
1664,24,24,24,24,24
1665,23,23,23,23,23
1666,23,23,23,23,23
1667,24,24,24,24,24
1668,24,24,24,24,24
1669,24,24,24,24,24
1670,24,24,24,24,24
1671,23,23,23,23,23
1672,24,24,24,24,24
1673,24,24,24,24,24
1674,24,24,24,24,24
1676,23,23,23,23,23
1677,24,24,24,24,24
1678,24,24,24,24,24
1681,23,23,23,23,23
1682,24,24,24,24,24
1685,23,23,23,23,23
1687,24,24,24,24,24
1690,23,23,23,23,23
1694,23,23,23,23,23
1696,23,23,23,23,23
1697,23,23,23,23,23
1702,23,23,23,23,23
1705,24,24,24,24,24
1709,23,23,23,23,23
1710,24,24,24,24,24
1712,23,23,23,23,23
1717,24,24,24,24,24
1718,24,24,24,24,24
1721,23,23,23,23,23
1722,23,23,23,23,23
1723,23,23,23,23,23
1724,24,24,24,24,24
1727,24,24,24,24,24
1731,23,23,23,23,23
1733,23,23,23,23,23
1734,24,24,24,24,24
1735,24,24,24,24,24
1746,23,23,23,23,23
1750,23,23,23,23,23
1755,23,23,23,23,23
1759,23,23,23,23,23
1763,23,23,23,23,23
1764,23,23,23,23,23
1765,23,23,23,23,23
1766,23,23,23,23,23
1768,24,24,24,24,24
1769,24,24,24,24,24
1770,23,23,23,23,23
1774,23,23,23,23,23
1775,24,24,24,24,24
1776,23,23,23,23,23
1777,24,24,24,24,24
1778,23,23,23,23,23
1779,23,23,23,23,23
1782,24,24,24,24,24
1783,23,23,23,23,23
1784,24,24,24,24,24
1785,23,23,23,23,23
1786,24,24,24,24,24
1787,24,24,24,24,24
1788,24,24,24,24,24
1790,24,24,24,24,24
1791,24,24,24,24,24
1794,23,23,23,23,23
1795,24,24,24,24,24
1796,24,24,24,24,24
1797,23,23,23,23,23
1799,24,24,24,24,24
1800,23,23,23,23,23
1801,23,23,23,23,23
1803,23,23,23,23,23
1804,23,23,23,23,23
1805,23,23,23,23,23
1806,24,24,24,24,24
1809,23,23,23,23,23
1810,23,23,23,23,23
1811,24,24,24,24,24
1812,24,24,24,24,24
1813,23,23,23,23,23
1814,24,24,24,24,24
1815,24,24,24,24,24
1816,23,23,23,23,23
1817,23,23,23,23,23
1818,24,24,24,24,24
1819,24,24,24,24,24
1820,24,24,24,24,24
1822,23,23,23,23,23
1823,24,24,24,24,24
1824,24,24,24,24,24
1825,24,24,24,24,24
1826,24,24,24,24,24
1827,24,24,24,24,24
1828,23,23,23,23,23
1829,23,23,23,23,23
1830,23,23,23,23,23
1831,23,23,23,23,23
1832,23,23,23,23,23
1833,24,24,24,24,24
1834,23,23,23,23,23
1835,24,24,24,24,24
1837,24,24,24,24,24
1838,23,23,23,23,23
1839,23,23,23,23,23
1844,23,23,23,23,23
1845,23,23,23,23,23
1846,24,24,24,24,24
1849,23,23,23,23,23
1850,24,24,24,24,24
1851,24,24,24,24,24
1855,23,23,23,23,23
1858,23,23,23,23,23
1862,23,23,23,23,23
1866,24,24,24,24,24
1869,24,24,24,24,24
1870,23,23,23,23,23
1871,24,24,24,24,24
1877,24,24,24,24,24
1878,24,24,24,24,24
1879,23,23,23,23,23
1880,23,23,23,23,23
1881,24,24,24,24,24
1882,23,23,23,23,23
1883,23,23,23,23,23
1884,23,23,23,23,23
1885,23,23,23,23,23
1886,23,23,23,23,23
1887,24,24,24,24,24
1888,24,24,24,24,24
1889,23,23,23,23,23
1890,24,24,24,24,24
1891,23,23,23,23,23
1892,23,23,23,23,23
1893,23,23,23,23,23
1894,24,24,24,24,24
1895,24,24,24,24,24
1896,24,24,24,24,24
1898,24,24,24,24,24
1899,24,24,24,24,24
1900,23,23,23,23,23
1901,24,24,24,24,24
1903,23,23,23,23,23
1904,23,23,23,23,23
1905,23,23,23,23,23
1906,24,24,24,24,24
1907,24,24,24,24,24
1910,23,23,23,23,23
1911,24,24,24,24,24
1912,23,23,23,23,23
1913,23,23,23,23,23
1914,23,23,23,23,23
1915,24,24,24,24,24
1916,23,23,23,23,23
1917,24,24,24,24,24
1918,24,24,24,24,24
1919,24,24,24,24,24
1920,23,23,23,23,23
1921,24,24,24,24,24
1922,24,24,24,24,24
1923,23,23,23,23,23
1924,23,23,23,23,23
1925,24,24,24,24,24
1926,23,23,23,23,23
1927,24,24,24,24,24
1928,23,23,23,23,23
1929,24,24,24,24,24
1930,23,23,23,23,23
1931,23,23,23,23,23
1932,24,24,24,24,24
1935,23,23,23,23,23
1936,24,24,24,24,24
1940,24,24,24,24,24
1943,23,23,23,23,23
1944,23,23,23,23,23
1945,24,24,24,24,24
1946,24,24,24,24,24
1947,24,24,24,24,24
1948,23,23,23,23,23
1949,23,23,23,23,23
1950,24,24,24,24,24
1951,23,23,23,23,23
1952,23,23,23,23,23
1953,23,23,23,23,23
1956,23,23,23,23,23
1957,23,23,23,23,23
1959,23,23,23,23,23
1965,24,24,24,24,24
1966,24,24,24,24,24
1967,24,24,24,24,24
1968,24,24,24,24,24
1969,24,24,24,24,24
1971,23,23,23,23,23
1973,24,24,24,24,24
1974,23,23,23,23,23
1975,23,23,23,23,23
1977,24,24,24,24,24
1980,24,24,24,24,24
1981,23,23,23,23,23
1982,24,24,24,24,24
1983,24,24,24,24,24
1984,23,23,23,23,23
1987,24,24,24,24,24
1992,24,24,24,24,24
1993,24,24,24,24,24
1994,23,23,23,23,23
1995,24,24,24,24,24
1996,23,23,23,23,23
1997,23,23,23,23,23
1999,23,23,23,23,23
2000,24,24,24,24,24
2001,23,23,23,23,23
2002,24,24,24,24,24
2003,23,23,23,23,23
2004,23,23,23,23,23
2005,24,24,24,24,24
2006,23,23,23,23,23
2007,23,23,23,23,23
2008,23,23,23,23,23
2009,23,23,23,23,23
2010,23,23,23,23,23
2011,23,23,23,23,23
2012,24,24,24,24,24
2013,24,24,24,24,24
2014,24,24,24,24,24
2015,23,23,23,23,23
2016,23,23,23,23,23
2017,23,23,23,23,23
2018,24,24,24,24,24
2019,23,23,23,23,23
2020,23,23,23,23,23
2021,23,23,23,23,23
2022,23,23,23,23,23
2023,24,24,24,24,24
2026,23,23,23,23,23
2027,24,24,24,24,24
2028,24,24,24,24,24
2029,24,24,24,24,24
2030,23,23,23,23,23
2031,24,24,24,24,24
2032,23,23,23,23,23
2033,23,23,23,23,23
2034,23,23,23,23,23
2035,24,24,24,24,24
2036,23,23,23,23,23
2037,23,23,23,23,23
2038,23,23,23,23,23
2039,24,24,24,24,24
2040,24,24,24,24,24
2041,24,24,24,24,24
2042,24,24,24,24,24
2043,23,23,23,23,23
2045,24,24,24,24,24
2046,23,23,23,23,23
2047,23,23,23,23,23
2052,24,24,24,24,24
2053,24,24,24,24,24
2056,24,24,24,24,24
2057,23,23,23,23,23
2058,23,23,23,23,23
2059,23,23,23,23,23
2060,24,24,24,24,24
2061,23,23,23,23,23
2062,23,23,23,23,23
2063,24,24,24,24,24
2068,24,24,24,24,24
2069,24,24,24,24,24
2070,24,24,24,24,24
2071,23,23,23,23,23
2072,23,23,23,23,23
2073,23,23,23,23,23
2074,24,24,24,24,24
2075,23,23,23,23,23
2076,23,23,23,23,23
2077,24,24,24,24,24
2078,24,24,24,24,24
2079,24,24,24,24,24
2080,24,24,24,24,24
2081,24,24,24,24,24
2088,24,24,24,24,24
2089,23,23,23,23,23
2090,23,23,23,23,23
2092,23,23,23,23,23
2093,23,23,23,23,23
2094,23,23,23,23,23
2095,24,24,24,24,24
2096,23,23,23,23,23
2097,24,24,24,24,24
2098,24,24,24,24,24
2099,23,23,23,23,23
2100,24,24,24,24,24
2106,24,24,24,24,24
2107,23,23,23,23,23
2108,23,23,23,23,23
2109,23,23,23,23,23
2110,23,23,23,23,23
2111,24,24,24,24,24
2112,23,23,23,23,23
2113,24,24,24,24,24
2114,24,24,24,24,24
2115,23,23,23,23,23
2116,24,24,24,24,24
2117,24,24,24,24,24
2134,23,23,23,23,23
2135,23,23,23,23,23
2137,23,23,23,23,23
2138,24,24,24,24,24
2139,24,24,24,24,24
2140,24,24,24,24,24
2141,24,24,24,24,24
2142,24,24,24,24,24
2143,24,24,24,24,24
2144,24,24,24,24,24
2147,24,24,24,24,24
2148,23,23,23,23,23
2150,23,23,23,23,23
2151,24,24,24,24,24
2152,23,23,23,23,23
2153,24,24,24,24,24
2154,23,23,23,23,23
2155,23,23,23,23,23
2156,24,24,24,24,24
2157,24,24,24,24,24
2160,24,24,24,24,24
2161,24,24,24,24,24
2162,23,23,23,23,23
2165,24,24,24,24,24
2167,24,24,24,24,24
2172,23,23,23,23,23
2173,23,23,23,23,23
2174,24,24,24,24,24
2176,23,23,23,23,23
2177,23,23,23,23,23
2180,23,23,23,23,23
2181,24,24,24,24,24
2182,24,24,24,24,24
2183,23,23,23,23,23
2184,24,24,24,24,24
2188,23,23,23,23,23
2189,24,24,24,24,24
2193,24,24,24,24,24
2194,23,23,23,23,23
2195,24,24,24,24,24
2196,23,23,23,23,23
2197,24,24,24,24,24
2198,24,24,24,24,24
2199,24,24,24,24,24
2200,24,24,24,24,24
2201,23,23,23,23,23
2202,24,24,24,24,24
2203,24,24,24,24,24
2205,23,23,23,23,23
2206,24,24,24,24,24
2207,24,24,24,24,24
2216,24,24,24,24,24
2217,24,24,24,24,24
2221,24,24,24,24,24
2222,24,24,24,24,24
2223,24,24,24,24,24
2224,24,24,24,24,24
2225,23,23,23,23,23
2226,23,23,23,23,23
2227,24,24,24,24,24
2228,23,23,23,23,23
2229,23,23,23,23,23
2230,23,23,23,23,23
2231,23,23,23,23,23
2232,23,23,23,23,23
2233,23,23,23,23,23
2234,24,24,24,24,24
2235,24,24,24,24,24
2236,24,24,24,24,24
2237,24,24,24,24,24
2238,24,24,24,24,24
2239,23,23,23,23,23
2240,24,24,24,24,24
2241,23,23,23,23,23
2242,23,23,23,23,23
2243,24,24,24,24,24
2245,24,24,24,24,24
2248,24,24,24,24,24
2249,23,23,23,23,23
2250,23,23,23,23,23
2251,24,24,24,24,24
2252,23,23,23,23,23
2253,23,23,23,23,23
2254,23,23,23,23,23
2255,24,24,24,24,24
2256,23,23,23,23,23
2257,24,24,24,24,24
2258,23,23,23,23,23
2259,23,23,23,23,23
2267,24,24,24,24,24
2269,24,24,24,24,24
2270,23,23,23,23,23
2271,23,23,23,23,23
2272,23,23,23,23,23
2273,24,24,24,24,24
2274,24,24,24,24,24
2275,23,23,23,23,23
2276,24,24,24,24,24
2277,23,23,23,23,23
2278,24,24,24,24,24
2279,24,24,24,24,24
2280,23,23,23,23,23
2281,24,24,24,24,24
2283,24,24,24,24,24
2284,23,23,23,23,23
2285,24,24,24,24,24
2287,23,23,23,23,23
2293,23,23,23,23,23
2294,24,24,24,24,24
2296,23,23,23,23,23
2297,23,23,23,23,23
2298,23,23,23,23,23
2299,24,24,24,24,24
2300,24,24,24,24,24
2301,23,23,23,23,23
2302,24,24,24,24,24
2303,23,23,23,23,23
2304,24,24,24,24,24
2305,24,24,24,24,24
2307,23,23,23,23,23
2308,24,24,24,24,24
2309,24,24,24,24,24
2310,23,23,23,23,23
2311,23,23,23,23,23
2312,23,23,23,23,23
2313,24,24,24,24,24
2314,24,24,24,24,24
2315,23,23,23,23,23
2316,23,23,23,23,23
2317,24,24,24,24,24
2318,23,23,23,23,23
2319,23,23,23,23,23
2321,23,23,23,23,23
2324,23,23,23,23,23
2326,23,23,23,23,23
2329,23,23,23,23,23
2330,24,24,24,24,24
2331,24,24,24,24,24
2332,23,23,23,23,23
2333,24,24,24,24,24
2334,23,23,23,23,23
2335,23,23,23,23,23
2336,24,24,24,24,24
2337,24,24,24,24,24
2338,24,24,24,24,24
2339,23,23,23,23,23
2340,24,24,24,24,24
2341,23,23,23,23,23
2342,24,24,24,24,24
2343,24,24,24,24,24
2344,23,23,23,23,23
2346,23,23,23,23,23
2347,23,23,23,23,23
2348,23,23,23,23,23
2349,24,24,24,24,24
2352,24,24,24,24,24
2353,24,24,24,24,24
2354,24,24,24,24,24
2355,23,23,23,23,23
2356,24,24,24,24,24
2357,24,24,24,24,24
2358,24,24,24,24,24
2359,23,23,23,23,23
2360,24,24,24,24,24
2361,24,24,24,24,24
2362,23,23,23,23,23
2363,24,24,24,24,24
2374,24,24,24,24,24
2375,24,24,24,24,24
2377,24,24,24,24,24
2378,23,23,23,23,23
2379,23,23,23,23,23
2380,24,24,24,24,24
2381,23,23,23,23,23
2382,24,24,24,24,24
2383,24,24,24,24,24
2384,24,24,24,24,24
2385,24,24,24,24,24
2386,24,24,24,24,24
2387,23,23,23,23,23
2388,24,24,24,24,24
2389,23,23,23,23,23
2390,24,24,24,24,24
2391,24,24,24,24,24
2392,24,24,24,24,24
2393,23,23,23,23,23
2394,24,24,24,24,24
2395,23,23,23,23,23
2396,23,23,23,23,23
2398,23,23,23,23,23
2403,24,24,24,24,24
2405,23,23,23,23,23
2406,23,23,23,23,23
2407,23,23,23,23,23
2408,24,24,24,24,24
2409,23,23,23,23,23
2410,24,24,24,24,24
2411,23,23,23,23,23
2412,24,24,24,24,24
2413,23,23,23,23,23
2414,24,24,24,24,24
2415,23,23,23,23,23
2416,23,23,23,23,23
2417,23,23,23,23,23
2418,24,24,24,24,24
2419,24,24,24,24,24
2420,23,23,23,23,23
2421,23,23,23,23,23
2422,24,24,24,24,24
2423,23,23,23,23,23
2424,24,24,24,24,24
2425,23,23,23,23,23
2426,24,24,24,24,24
2427,24,24,24,24,24
2428,24,24,24,24,24
2429,24,24,24,24,24
2430,24,24,24,24,24
2431,23,23,23,23,23
2432,23,23,23,23,23
2433,24,24,24,24,24
2437,23,23,23,23,23
2442,24,24,24,24,24
2443,24,24,24,24,24
2445,23,23,23,23,23
2446,23,23,23,23,23
2447,24,24,24,24,24
2448,24,24,24,24,24
2449,24,24,24,24,24
2450,23,23,23,23,23
2451,23,23,23,23,23
2452,24,24,24,24,24
2453,23,23,23,23,23
2454,23,23,23,23,23
2456,24,24,24,24,24
2457,23,23,23,23,23
2458,23,23,23,23,23
2459,23,23,23,23,23
2460,24,24,24,24,24
2461,23,23,23,23,23
2462,23,23,23,23,23
2463,23,23,23,23,23
2464,23,23,23,23,23
2465,23,23,23,23,23
2467,24,24,24,24,24
2468,24,24,24,24,24
2469,24,24,24,24,24
2470,23,23,23,23,23
2472,24,24,24,24,24
2474,23,23,23,23,23
2475,24,24,24,24,24
2476,24,24,24,24,24
2477,24,24,24,24,24
2478,24,24,24,24,24
2479,23,23,23,23,23
2482,23,23,23,23,23
2483,23,23,23,23,23
2484,24,24,24,24,24
2486,23,23,23,23,23
2487,24,24,24,24,24
2488,23,23,23,23,23
2489,24,24,24,24,24
2490,23,23,23,23,23
2492,23,23,23,23,23
2493,23,23,23,23,23
2496,24,24,24,24,24
2497,24,24,24,24,24
2499,24,24,24,24,24
2500,23,23,23,23,23
2501,24,24,24,24,24
2504,24,24,24,24,24
2505,23,23,23,23,23
2506,24,24,24,24,24
2507,23,23,23,23,23
2508,24,24,24,24,24
2509,23,23,23,23,23
2510,24,24,24,24,24
2511,23,23,23,23,23
2514,23,23,23,23,23
2519,24,24,24,24,24
2521,23,23,23,23,23
2524,24,24,24,24,24
2525,23,23,23,23,23
2526,23,23,23,23,23
2527,23,23,23,23,23
2531,23,23,23,23,23
2534,23,23,23,23,23
2536,24,24,24,24,24
2537,23,23,23,23,23
2538,24,24,24,24,24
2539,24,24,24,24,24
2545,23,23,23,23,23
2546,23,23,23,23,23
2547,23,23,23,23,23
2548,23,23,23,23,23
2551,24,24,24,24,24
2552,23,23,23,23,23
2554,24,24,24,24,24
2555,24,24,24,24,24
2556,24,24,24,24,24
2557,24,24,24,24,24
2558,23,23,23,23,23
2559,24,24,24,24,24
2561,24,24,24,24,24
2562,24,24,24,24,24
2563,23,23,23,23,23
2564,23,23,23,23,23
2565,23,23,23,23,23
2566,24,24,24,24,24
2567,24,24,24,24,24
2568,24,24,24,24,24
2569,24,24,24,24,24
2570,23,23,23,23,23
2571,24,24,24,24,24
2573,23,23,23,23,23
2574,23,23,23,23,23
2575,23,23,23,23,23
2576,24,24,24,24,24
2577,23,23,23,23,23
2578,24,24,24,24,24
2579,23,23,23,23,23
2580,24,24,24,24,24
2581,23,23,23,23,23
2582,24,24,24,24,24
2583,24,24,24,24,24
2584,24,24,24,24,24
2585,23,23,23,23,23
2586,24,24,24,24,24
2588,23,23,23,23,23
2589,23,23,23,23,23
2591,24,24,24,24,24
2592,24,24,24,24,24
2593,24,24,24,24,24
2594,24,24,24,24,24
2596,24,24,24,24,24
2597,24,24,24,24,24
2598,23,23,23,23,23
2599,23,23,23,23,23
2600,24,24,24,24,24
2601,24,24,24,24,24
2602,24,24,24,24,24
2603,24,24,24,24,24
2607,24,24,24,24,24
2608,24,24,24,24,24
2609,24,24,24,24,24
2610,23,23,23,23,23
2611,24,24,24,24,24
2612,23,23,23,23,23
2614,23,23,23,23,23
2615,23,23,23,23,23
2616,24,24,24,24,24
2617,24,24,24,24,24
2619,23,23,23,23,23
2620,23,23,23,23,23
2621,23,23,23,23,23
2622,24,24,24,24,24
2624,23,23,23,23,23
2626,23,23,23,23,23
2628,24,24,24,24,24
2629,23,23,23,23,23
2630,24,24,24,24,24
2631,23,23,23,23,23
2633,23,23,23,23,23
2634,24,24,24,24,24
2635,24,24,24,24,24
2636,24,24,24,24,24
2637,24,24,24,24,24
2638,24,24,24,24,24
2639,23,23,23,23,23
2640,24,24,24,24,24
2641,23,23,23,23,23
2642,23,23,23,23,23
2643,23,23,23,23,23
2644,24,24,24,24,24
2645,23,23,23,23,23
2646,24,24,24,24,24
2647,24,24,24,24,24
2648,24,24,24,24,24
2649,23,23,23,23,23
2650,24,24,24,24,24
2651,24,24,24,24,24
2652,23,23,23,23,23
2653,23,23,23,23,23
2654,23,23,23,23,23
2655,24,24,24,24,24
2656,24,24,24,24,24
2658,24,24,24,24,24
2659,24,24,24,24,24
2660,24,24,24,24,24
2661,24,24,24,24,24
2662,23,23,23,23,23
2663,23,23,23,23,23
2664,24,24,24,24,24
2665,24,24,24,24,24
2667,24,24,24,24,24
2668,24,24,24,24,24
2669,23,23,23,23,23
2670,23,23,23,23,23
2671,23,23,23,23,23
2675,24,24,24,24,24
2676,24,24,24,24,24
2677,24,24,24,24,24
2684,23,23,23,23,23
2688,23,23,23,23,23
2690,24,24,24,24,24
2691,24,24,24,24,24
2694,23,23,23,23,23
2695,24,24,24,24,24
2696,24,24,24,24,24
2697,24,24,24,24,24
2699,24,24,24,24,24
2700,24,24,24,24,24
2701,24,24,24,24,24
2702,24,24,24,24,24
2703,24,24,24,24,24
2704,24,24,24,24,24
2705,23,23,23,23,23
2708,24,24,24,24,24
2709,24,24,24,24,24
2710,23,23,23,23,23
2712,23,23,23,23,23
2713,24,24,24,24,24
2715,24,24,24,24,24
2717,23,23,23,23,23
2718,23,23,23,23,23
2719,23,23,23,23,23
2721,23,23,23,23,23
2724,24,24,24,24,24
2725,24,24,24,24,24
2730,23,23,23,23,23
2731,23,23,23,23,23
2733,24,24,24,24,24
2737,24,24,24,24,24
2744,24,24,24,24,24
2745,24,24,24,24,24
2747,23,23,23,23,23
2749,23,23,23,23,23
2752,24,24,24,24,24
2753,23,23,23,23,23
2759,23,23,23,23,23
2763,23,23,23,23,23
2780,23,23,23,23,23
2781,23,23,23,23,23
2782,24,24,24,24,24
2783,24,24,24,24,24
2784,23,23,23,23,23
2785,23,23,23,23,23
2786,24,24,24,24,24
2788,23,23,23,23,23
2791,24,24,24,24,24
2792,24,24,24,24,24
2795,24,24,24,24,24
2796,24,24,24,24,24
2797,24,24,24,24,24
2798,24,24,24,24,24
2799,23,23,23,23,23
2800,24,24,24,24,24
2801,23,23,23,23,23
2804,24,24,24,24,24
2806,24,24,24,24,24
2808,23,23,23,23,23
2812,24,24,24,24,24
2814,23,23,23,23,23
2815,23,23,23,23,23
2816,23,23,23,23,23
2817,24,24,24,24,24
2818,23,23,23,23,23
2821,24,24,24,24,24
2822,23,23,23,23,23
2828,24,24,24,24,24
2830,24,24,24,24,24
2832,24,24,24,24,24
2836,24,24,24,24,24
2839,23,23,23,23,23
2840,24,24,24,24,24
2841,23,23,23,23,23
2842,23,23,23,23,23
2843,23,23,23,23,23
2844,24,24,24,24,24
2845,23,23,23,23,23
2848,23,23,23,23,23
2849,24,24,24,24,24
2850,23,23,23,23,23
2851,23,23,23,23,23
2853,23,23,23,23,23
2854,23,23,23,23,23
2856,23,23,23,23,23
2857,23,23,23,23,23
2858,24,24,24,24,24
2859,24,24,24,24,24
2860,24,24,24,24,24
2861,23,23,23,23,23
2862,24,24,24,24,24
2863,24,24,24,24,24
2864,23,23,23,23,23
2865,23,23,23,23,23
2866,24,24,24,24,24
2867,24,24,24,24,24
2868,24,24,24,24,24
2869,24,24,24,24,24
2872,23,23,23,23,23
2873,23,23,23,23,23
2875,24,24,24,24,24
2878,23,23,23,23,23
2881,24,24,24,24,24
2882,24,24,24,24,24
2885,23,23,23,23,23
2887,23,23,23,23,23
2888,23,23,23,23,23
2891,23,23,23,23,23
2894,23,23,23,23,23
2895,23,23,23,23,23
2896,24,24,24,24,24
2897,24,24,24,24,24
2903,23,23,23,23,23
2909,24,24,24,24,24
2911,23,23,23,23,23
2912,23,23,23,23,23
2913,24,24,24,24,24
2915,23,23,23,23,23
2916,24,24,24,24,24
2917,23,23,23,23,23
2918,24,24,24,24,24
2919,23,23,23,23,23
2922,23,23,23,23,23
2924,23,23,23,23,23
2925,23,23,23,23,23
2926,23,23,23,23,23
2927,24,24,24,24,24
2930,24,24,24,24,24
2931,23,23,23,23,23
2932,23,23,23,23,23
2933,23,23,23,23,23
2934,24,24,24,24,24
2935,23,23,23,23,23
2939,23,23,23,23,23
2941,23,23,23,23,23
2942,24,24,24,24,24
2945,24,24,24,24,24
2946,24,24,24,24,24
2947,24,24,24,24,24
2951,24,24,24,24,24
2952,23,23,23,23,23
2953,23,23,23,23,23
2954,23,23,23,23,23
2955,23,23,23,23,23
2956,24,24,24,24,24
2957,23,23,23,23,23
2958,24,24,24,24,24
2962,24,24,24,24,24
2964,24,24,24,24,24
2965,23,23,23,23,23
2966,24,24,24,24,24
2967,23,23,23,23,23
2968,24,24,24,24,24
2969,24,24,24,24,24
2970,23,23,23,23,23
2975,23,23,23,23,23
2980,23,23,23,23,23
2981,24,24,24,24,24
2983,24,24,24,24,24
2984,24,24,24,24,24
2985,23,23,23,23,23
2986,23,23,23,23,23
2989,23,23,23,23,23
2990,23,23,23,23,23
2991,23,23,23,23,23
2992,24,24,24,24,24
2993,23,23,23,23,23
2996,24,24,24,24,24
2998,23,23,23,23,23
3000,23,23,23,23,23
3001,23,23,23,23,23
3003,24,24,24,24,24
3004,24,24,24,24,24
3005,23,23,23,23,23
3006,23,23,23,23,23
3007,24,24,24,24,24
3008,23,23,23,23,23
3012,24,24,24,24,24
3015,24,24,24,24,24
3016,24,24,24,24,24
3017,23,23,23,23,23
3018,24,24,24,24,24
3019,24,24,24,24,24
3020,24,24,24,24,24
3022,23,23,23,23,23
3023,24,24,24,24,24
3024,23,23,23,23,23
3026,24,24,24,24,24
3028,24,24,24,24,24
3029,23,23,23,23,23
3030,24,24,24,24,24
3031,23,23,23,23,23
3032,24,24,24,24,24
3033,23,23,23,23,23
3034,24,24,24,24,24
3055,24,24,24,24,24
3065,23,23,23,23,23
3070,23,23,23,23,23
3074,24,24,24,24,24
3088,24,24,24,24,24
3089,23,23,23,23,23
3092,24,24,24,24,24
3099,24,24,24,24,24
3101,23,23,23,23,23
3102,23,23,23,23,23
3103,23,23,23,23,23
3104,24,24,24,24,24
3105,24,24,24,24,24
3106,23,23,23,23,23
3107,24,24,24,24,24
3108,23,23,23,23,23
3109,24,24,24,24,24
3111,24,24,24,24,24
3116,23,23,23,23,23
3118,23,23,23,23,23
3119,23,23,23,23,23
3122,23,23,23,23,23
3123,24,24,24,24,24
3127,24,24,24,24,24
3128,23,23,23,23,23
3129,23,23,23,23,23
3130,24,24,24,24,24
3131,23,23,23,23,23
3132,23,23,23,23,23
3133,23,23,23,23,23
3135,23,23,23,23,23
3136,23,23,23,23,23
3137,24,24,24,24,24
3138,24,24,24,24,24
3139,23,23,23,23,23
3140,24,24,24,24,24
3141,23,23,23,23,23
3142,24,24,24,24,24
3144,23,23,23,23,23
3145,24,24,24,24,24
3146,24,24,24,24,24
3147,24,24,24,24,24
3148,24,24,24,24,24
3149,24,24,24,24,24
3152,24,24,24,24,24
3153,23,23,23,23,23
3154,24,24,24,24,24
3155,23,23,23,23,23
3156,23,23,23,23,23
3157,24,24,24,24,24
3158,23,23,23,23,23
3159,24,24,24,24,24
3160,23,23,23,23,23
3161,24,24,24,24,24
3162,23,23,23,23,23
3163,23,23,23,23,23
3164,24,24,24,24,24
3165,23,23,23,23,23
3166,24,24,24,24,24
3167,24,24,24,24,24
3168,24,24,24,24,24
3169,23,23,23,23,23
3170,23,23,23,23,23
3171,23,23,23,23,23
3172,24,24,24,24,24
3173,23,23,23,23,23
3174,23,23,23,23,23
3175,24,24,24,24,24
3176,24,24,24,24,24
3177,23,23,23,23,23
3181,24,24,24,24,24
3184,23,23,23,23,23
3185,23,23,23,23,23
3186,23,23,23,23,23
3187,24,24,24,24,24
3188,23,23,23,23,23
3189,24,24,24,24,24
3190,24,24,24,24,24
3191,23,23,23,23,23
3192,23,23,23,23,23
3193,24,24,24,24,24
3194,24,24,24,24,24
3195,23,23,23,23,23
3196,23,23,23,23,23
3198,24,24,24,24,24
3199,24,24,24,24,24
3200,23,23,23,23,23
3201,24,24,24,24,24
3202,23,23,23,23,23
3203,24,24,24,24,24
3204,24,24,24,24,24
3205,24,24,24,24,24
3206,24,24,24,24,24
3207,23,23,23,23,23
3208,24,24,24,24,24
3212,23,23,23,23,23
3217,24,24,24,24,24
3218,24,24,24,24,24
3219,24,24,24,24,24
3220,23,23,23,23,23
3221,23,23,23,23,23
3222,23,23,23,23,23
3224,24,24,24,24,24
3225,23,23,23,23,23
3226,23,23,23,23,23
3227,24,24,24,24,24
3228,23,23,23,23,23
3229,24,24,24,24,24
3230,24,24,24,24,24
3231,24,24,24,24,24
3232,24,24,24,24,24
3233,24,24,24,24,24
3234,23,23,23,23,23
3235,23,23,23,23,23
3239,23,23,23,23,23
3243,24,24,24,24,24
3244,24,24,24,24,24
3251,23,23,23,23,23
3252,23,23,23,23,23
3253,24,24,24,24,24
3257,23,23,23,23,23
3258,23,23,23,23,23
3260,23,23,23,23,23
3262,24,24,24,24,24
3263,23,23,23,23,23
3264,23,23,23,23,23
3265,24,24,24,24,24
3266,23,23,23,23,23
3272,24,24,24,24,24
3273,24,24,24,24,24
3274,23,23,23,23,23
3275,23,23,23,23,23
3284,24,24,24,24,24
3285,23,23,23,23,23
3296,24,24,24,24,24
3297,23,23,23,23,23
3298,24,24,24,24,24
3304,24,24,24,24,24
3312,24,24,24,24,24
3316,23,23,23,23,23
3317,23,23,23,23,23
3321,24,24,24,24,24
3322,23,23,23,23,23
3323,23,23,23,23,23
3337,23,23,23,23,23
3339,24,24,24,24,24
3341,23,23,23,23,23
3347,23,23,23,23,23
3348,24,24,24,24,24
3349,23,23,23,23,23
3350,23,23,23,23,23
3351,23,23,23,23,23
3352,24,24,24,24,24
3353,23,23,23,23,23
3354,23,23,23,23,23
3355,24,24,24,24,24
3359,24,24,24,24,24
3362,24,24,24,24,24
3365,23,23,23,23,23
3366,24,24,24,24,24
3367,24,24,24,24,24
3368,24,24,24,24,24
3369,24,24,24,24,24
3371,24,24,24,24,24
3373,23,23,23,23,23
3374,24,24,24,24,24
3375,24,24,24,24,24
3378,24,24,24,24,24
3379,23,23,23,23,23
3380,24,24,24,24,24
3381,24,24,24,24,24
3383,24,24,24,24,24
3384,24,24,24,24,24
3385,24,24,24,24,24
3387,23,23,23,23,23
3388,24,24,24,24,24
3392,24,24,24,24,24
3393,23,23,23,23,23
3394,23,23,23,23,23
3399,24,24,24,24,24
3400,24,24,24,24,24
3404,24,24,24,24,24
3410,23,23,23,23,23
3414,23,23,23,23,23
3415,23,23,23,23,23
3417,24,24,24,24,24
3419,23,23,23,23,23
3420,23,23,23,23,23
3421,24,24,24,24,24
3422,23,23,23,23,23
3423,24,24,24,24,24
3424,24,24,24,24,24
3426,24,24,24,24,24
3428,24,24,24,24,24
3429,24,24,24,24,24
3432,24,24,24,24,24
3433,23,23,23,23,23
3434,23,23,23,23,23
3436,23,23,23,23,23
3437,23,23,23,23,23
3439,24,24,24,24,24
3440,23,23,23,23,23
3441,24,24,24,24,24
3443,23,23,23,23,23
3446,24,24,24,24,24
3447,24,24,24,24,24
3448,23,23,23,23,23
3449,23,23,23,23,23
3450,24,24,24,24,24
3451,24,24,24,24,24
3452,23,23,23,23,23
3455,24,24,24,24,24
3456,24,24,24,24,24
3457,24,24,24,24,24
3460,24,24,24,24,24
3461,23,23,23,23,23
3462,24,24,24,24,24
3463,23,23,23,23,23
3464,24,24,24,24,24
3465,23,23,23,23,23
3466,24,24,24,24,24
